ticket_id,text_length
SMP_train_00001,6
SMP_train_00002,8
SMP_train_00003,3
SMP_train_00004,7
SMP_train_00005,5
SMP_train_00006,6
SMP_train_00007,6
SMP_train_00008,6
SMP_train_00009,4
SMP_train_00010,9
SMP_train_00011,4
SMP_train_00012,11
SMP_train_00013,6
SMP_train_00014,6
SMP_train_00015,14
SMP_train_00016,8
SMP_train_00017,5
SMP_train_00018,12
SMP_train_00019,6
SMP_train_00020,4
SMP_train_00021,6
SMP_train_00022,6
SMP_train_00023,8
SMP_train_00024,2
SMP_train_00025,6
SMP_train_00026,5
SMP_train_00027,4
SMP_train_00028,4
SMP_train_00029,5
SMP_train_00030,2
SMP_train_00031,7
SMP_train_00032,8
SMP_train_00033,4
SMP_train_00034,7
SMP_train_00035,9
SMP_train_00036,6
SMP_train_00037,9
SMP_train_00038,13
SMP_train_00039,5
SMP_train_00040,7
SMP_train_00041,9
SMP_train_00042,6
SMP_train_00043,7
SMP_train_00044,8
SMP_train_00045,6
SMP_train_00046,7
SMP_train_00047,5
SMP_train_00048,4
SMP_train_00049,7
SMP_train_00050,6
SMP_train_00051,6
SMP_train_00052,6
SMP_train_00053,6
SMP_train_00054,8
SMP_train_00055,12
SMP_train_00056,12
SMP_train_00057,12
SMP_train_00058,8
SMP_train_00059,10
SMP_train_00060,9
SMP_train_00061,13
SMP_train_00062,8
SMP_train_00063,12
SMP_train_00064,9
SMP_train_00065,10
SMP_train_00066,11
SMP_train_00067,10
SMP_train_00068,10
SMP_train_00069,9
SMP_train_00070,8
SMP_train_00071,9
SMP_train_00072,12
SMP_train_00073,10
SMP_train_00074,8
SMP_train_00075,11
SMP_train_00076,9
SMP_train_00077,13
SMP_train_00078,15
SMP_train_00079,15
SMP_train_00080,5
SMP_train_00081,6
SMP_train_00082,8
SMP_train_00083,12
SMP_train_00084,16
SMP_train_00085,22
SMP_train_00086,4
SMP_train_00087,9
SMP_train_00088,6
SMP_train_00089,4
SMP_train_00090,16
SMP_train_00091,7
SMP_train_00092,6
SMP_train_00093,10
SMP_train_00094,12
SMP_train_00095,11
SMP_train_00096,10
SMP_train_00097,7
SMP_train_00098,3
SMP_train_00099,4
SMP_train_00100,5
SMP_train_00101,10
SMP_train_00102,5
SMP_train_00103,5
SMP_train_00104,11
SMP_train_00105,6
SMP_train_00106,11
SMP_train_00107,6
SMP_train_00108,4
SMP_train_00109,5
SMP_train_00110,5
SMP_train_00111,3
SMP_train_00112,5
SMP_train_00113,6
SMP_train_00114,8
SMP_train_00115,4
SMP_train_00116,8
SMP_train_00117,4
SMP_train_00118,3
SMP_train_00119,3
SMP_train_00120,6
SMP_train_00121,5
SMP_train_00122,8
SMP_train_00123,8
SMP_train_00124,5
SMP_train_00125,3
SMP_train_00126,9
SMP_train_00127,7
SMP_train_00128,8
SMP_train_00129,5
SMP_train_00130,10
SMP_train_00131,6
SMP_train_00132,4
SMP_train_00133,6
SMP_train_00134,8
SMP_train_00135,7
SMP_train_00136,8
SMP_train_00137,7
SMP_train_00138,8
SMP_train_00139,4
SMP_train_00140,5
SMP_train_00141,5
SMP_train_00142,8
SMP_train_00143,8
SMP_train_00144,3
SMP_train_00145,8
SMP_train_00146,6
SMP_train_00147,2
SMP_train_00148,8
SMP_train_00149,4
SMP_train_00150,5
SMP_train_00151,11
SMP_train_00152,9
SMP_train_00153,7
SMP_train_00154,5
SMP_train_00155,6
SMP_train_00156,9
SMP_train_00157,3
SMP_train_00158,11
SMP_train_00159,6
SMP_train_00160,11
SMP_train_00161,8
SMP_train_00162,6
SMP_train_00163,5
SMP_train_00164,6
SMP_train_00165,9
SMP_train_00166,6
SMP_train_00167,5
SMP_train_00168,6
SMP_train_00169,2
SMP_train_00170,8
SMP_train_00171,6
SMP_train_00172,7
SMP_train_00173,4
SMP_train_00174,4
SMP_train_00175,6
SMP_train_00176,6
SMP_train_00177,5
SMP_train_00178,8
SMP_train_00179,5
SMP_train_00180,8
SMP_train_00181,10
SMP_train_00182,5
SMP_train_00183,6
SMP_train_00184,10
SMP_train_00185,9
SMP_train_00186,8
SMP_train_00187,7
SMP_train_00188,4
SMP_train_00189,5
SMP_train_00190,5
SMP_train_00191,9
SMP_train_00192,8
SMP_train_00193,8
SMP_train_00194,6
SMP_train_00195,5
SMP_train_00196,5
SMP_train_00197,2
SMP_train_00198,8
SMP_train_00199,8
SMP_train_00200,7
SMP_train_00201,7
SMP_train_00202,5
SMP_train_00203,7
SMP_train_00204,8
SMP_train_00205,12
SMP_train_00206,6
SMP_train_00207,9
SMP_train_00208,9
SMP_train_00209,4
SMP_train_00210,7
SMP_train_00211,6
SMP_train_00212,3
SMP_train_00213,5
SMP_train_00214,3
SMP_train_00215,5
SMP_train_00216,4
SMP_train_00217,8
SMP_train_00218,5
SMP_train_00219,5
SMP_train_00220,5
SMP_train_00221,4
SMP_train_00222,6
SMP_train_00223,6
SMP_train_00224,13
SMP_train_00225,7
SMP_train_00226,4
SMP_train_00227,4
SMP_train_00228,3
SMP_train_00229,11
SMP_train_00230,5
SMP_train_00231,5
SMP_train_00232,7
SMP_train_00233,5
SMP_train_00234,8
SMP_train_00235,5
SMP_train_00236,8
SMP_train_00237,10
SMP_train_00238,5
SMP_train_00239,2
SMP_train_00240,4
SMP_train_00241,7
SMP_train_00242,7
SMP_train_00243,6
SMP_train_00244,6
SMP_train_00245,8
SMP_train_00246,8
SMP_train_00247,7
SMP_train_00248,3
SMP_train_00249,5
SMP_train_00250,7
SMP_train_00251,3
SMP_train_00252,8
SMP_train_00253,4
SMP_train_00254,4
SMP_train_00255,13
SMP_train_00256,6
SMP_train_00257,5
SMP_train_00258,19
SMP_train_00259,6
SMP_train_00260,8
SMP_train_00261,4
SMP_train_00262,6
SMP_train_00263,10
SMP_train_00264,5
SMP_train_00265,12
SMP_train_00266,6
SMP_train_00267,15
SMP_train_00268,5
SMP_train_00269,27
SMP_train_00270,13
SMP_train_00271,5
SMP_train_00272,5
SMP_train_00273,9
SMP_train_00274,9
SMP_train_00275,14
SMP_train_00276,9
SMP_train_00277,6
SMP_train_00278,5
SMP_train_00279,5
SMP_train_00280,4
SMP_train_00281,4
SMP_train_00282,37
SMP_train_00283,6
SMP_train_00284,5
SMP_train_00285,5
SMP_train_00286,15
SMP_train_00287,6
SMP_train_00288,6
SMP_train_00289,22
SMP_train_00290,9
SMP_train_00291,48
SMP_train_00292,5
SMP_train_00293,6
SMP_train_00294,4
SMP_train_00295,4
SMP_train_00296,4
SMP_train_00297,7
SMP_train_00298,7
SMP_train_00299,5
SMP_train_00300,9
SMP_train_00301,8
SMP_train_00302,9
SMP_train_00303,7
SMP_train_00304,6
SMP_train_00305,4
SMP_train_00306,5
SMP_train_00307,5
SMP_train_00308,6
SMP_train_00309,6
SMP_train_00310,5
SMP_train_00311,3
SMP_train_00312,21
SMP_train_00313,3
SMP_train_00314,6
SMP_train_00315,3
SMP_train_00316,10
SMP_train_00317,10
SMP_train_00318,8
SMP_train_00319,12
SMP_train_00320,9
SMP_train_00321,20
SMP_train_00322,6
SMP_train_00323,7
SMP_train_00324,9
SMP_train_00325,7
SMP_train_00326,5
SMP_train_00327,3
SMP_train_00328,12
SMP_train_00329,4
SMP_train_00330,9
SMP_train_00331,8
SMP_train_00332,4
SMP_train_00333,6
SMP_train_00334,5
SMP_train_00335,5
SMP_train_00336,6
SMP_train_00337,6
SMP_train_00338,5
SMP_train_00339,4
SMP_train_00340,7
SMP_train_00341,7
SMP_train_00342,4
SMP_train_00343,3
SMP_train_00344,12
SMP_train_00345,7
SMP_train_00346,4
SMP_train_00347,5
SMP_train_00348,10
SMP_train_00349,7
SMP_train_00350,4
SMP_train_00351,7
SMP_train_00352,17
SMP_train_00353,8
SMP_train_00354,6
SMP_train_00355,3
SMP_train_00356,10
SMP_train_00357,3
SMP_train_00358,4
SMP_train_00359,6
SMP_train_00360,6
SMP_train_00361,6
SMP_train_00362,11
SMP_train_00363,10
SMP_train_00364,7
SMP_train_00365,7
SMP_train_00366,13
SMP_train_00367,8
SMP_train_00368,8
SMP_train_00369,5
SMP_train_00370,4
SMP_train_00371,8
SMP_train_00372,7
SMP_train_00373,5
SMP_train_00374,7
SMP_train_00375,7
SMP_train_00376,12
SMP_train_00377,7
SMP_train_00378,8
SMP_train_00379,7
SMP_train_00380,6
SMP_train_00381,5
SMP_train_00382,7
SMP_train_00383,6
SMP_train_00384,12
SMP_train_00385,5
SMP_train_00386,4
SMP_train_00387,9
SMP_train_00388,8
SMP_train_00389,7
SMP_train_00390,4
SMP_train_00391,5
SMP_train_00392,9
SMP_train_00393,7
SMP_train_00394,9
SMP_train_00395,8
SMP_train_00396,4
SMP_train_00397,4
SMP_train_00398,7
SMP_train_00399,8
SMP_train_00400,6
SMP_train_00401,8
SMP_train_00402,6
SMP_train_00403,4
SMP_train_00404,10
SMP_train_00405,3
SMP_train_00406,4
SMP_train_00407,5
SMP_train_00408,9
SMP_train_00409,5
SMP_train_00410,8
SMP_train_00411,7
SMP_train_00412,9
SMP_train_00413,6
SMP_train_00414,9
SMP_train_00415,3
SMP_train_00416,10
SMP_train_00417,7
SMP_train_00418,8
SMP_train_00419,7
SMP_train_00420,8
SMP_train_00421,6
SMP_train_00422,6
SMP_train_00423,23
SMP_train_00424,5
SMP_train_00425,7
SMP_train_00426,6
SMP_train_00427,7
SMP_train_00428,9
SMP_train_00429,6
SMP_train_00430,8
SMP_train_00431,14
SMP_train_00432,3
SMP_train_00433,3
SMP_train_00434,4
SMP_train_00435,8
SMP_train_00436,10
SMP_train_00437,10
SMP_train_00438,8
SMP_train_00439,3
SMP_train_00440,11
SMP_train_00441,6
SMP_train_00442,3
SMP_train_00443,4
SMP_train_00444,10
SMP_train_00445,3
SMP_train_00446,4
SMP_train_00447,6
SMP_train_00448,10
SMP_train_00449,5
SMP_train_00450,5
SMP_train_00451,10
SMP_train_00452,7
SMP_train_00453,4
SMP_train_00454,30
SMP_train_00455,5
SMP_train_00456,7
SMP_train_00457,6
SMP_train_00458,6
SMP_train_00459,6
SMP_train_00460,7
SMP_train_00461,7
SMP_train_00462,6
SMP_train_00463,5
SMP_train_00464,5
SMP_train_00465,15
SMP_train_00466,4
SMP_train_00467,7
SMP_train_00468,6
SMP_train_00469,10
SMP_train_00470,9
SMP_train_00471,5
SMP_train_00472,11
SMP_train_00473,7
SMP_train_00474,8
SMP_train_00475,6
SMP_train_00476,5
SMP_train_00477,7
SMP_train_00478,5
SMP_train_00479,5
SMP_train_00480,8
SMP_train_00481,15
SMP_train_00482,7
SMP_train_00483,12
SMP_train_00484,4
SMP_train_00485,7
SMP_train_00486,4
SMP_train_00487,6
SMP_train_00488,5
SMP_train_00489,11
SMP_train_00490,13
SMP_train_00491,9
SMP_train_00492,4
SMP_train_00493,6
SMP_train_00494,8
SMP_train_00495,7
SMP_train_00496,6
SMP_train_00497,5
SMP_train_00498,9
SMP_train_00499,5
SMP_train_00500,6
SMP_train_00501,10
SMP_train_00502,6
SMP_train_00503,21
SMP_train_00504,7
SMP_train_00505,5
SMP_train_00506,4
SMP_train_00507,14
SMP_train_00508,12
SMP_train_00509,13
SMP_train_00510,14
SMP_train_00511,12
SMP_train_00512,6
SMP_train_00513,8
SMP_train_00514,6
SMP_train_00515,9
SMP_train_00516,4
SMP_train_00517,6
SMP_train_00518,14
SMP_train_00519,6
SMP_train_00520,10
SMP_train_00521,3
SMP_train_00522,10
SMP_train_00523,8
SMP_train_00524,6
SMP_train_00525,8
SMP_train_00526,5
SMP_train_00527,7
SMP_train_00528,5
SMP_train_00529,3
SMP_train_00530,5
SMP_train_00531,3
SMP_train_00532,8
SMP_train_00533,5
SMP_train_00534,8
SMP_train_00535,4
SMP_train_00536,8
SMP_train_00537,10
SMP_train_00538,6
SMP_train_00539,18
SMP_train_00540,8
SMP_train_00541,10
SMP_train_00542,7
SMP_train_00543,10
SMP_train_00544,4
SMP_train_00545,9
SMP_train_00546,7
SMP_train_00547,5
SMP_train_00548,8
SMP_train_00549,4
SMP_train_00550,4
SMP_train_00551,6
SMP_train_00552,7
SMP_train_00553,5
SMP_train_00554,10
SMP_train_00555,9
SMP_train_00556,7
SMP_train_00557,14
SMP_train_00558,6
SMP_train_00559,16
SMP_train_00560,21
SMP_train_00561,9
SMP_train_00562,9
SMP_train_00563,10
SMP_train_00564,11
SMP_train_00565,10
SMP_train_00566,12
SMP_train_00567,12
SMP_train_00568,9
SMP_train_00569,9
SMP_train_00570,11
SMP_train_00571,13
SMP_train_00572,9
SMP_train_00573,15
SMP_train_00574,15
SMP_train_00575,11
SMP_train_00576,13
SMP_train_00577,8
SMP_train_00578,7
SMP_train_00579,16
SMP_train_00580,13
SMP_train_00581,16
SMP_train_00582,3
SMP_train_00583,14
SMP_train_00584,8
SMP_train_00585,19
SMP_train_00586,7
SMP_train_00587,20
SMP_train_00588,19
SMP_train_00589,19
SMP_train_00590,5
SMP_train_00591,16
SMP_train_00592,11
SMP_train_00593,22
SMP_train_00594,10
SMP_train_00595,10
SMP_train_00596,12
SMP_train_00597,11
SMP_train_00598,7
SMP_train_00599,13
SMP_train_00600,6
SMP_train_00601,13
SMP_train_00602,8
SMP_train_00603,16
SMP_train_00604,12
SMP_train_00605,19
SMP_train_00606,7
SMP_train_00607,11
SMP_train_00608,27
SMP_train_00609,12
SMP_train_00610,11
SMP_train_00611,9
SMP_train_00612,6
SMP_train_00613,4
SMP_train_00614,7
SMP_train_00615,8
SMP_train_00616,12
SMP_train_00617,7
SMP_train_00618,6
SMP_train_00619,3
SMP_train_00620,6
SMP_train_00621,6
SMP_train_00622,8
SMP_train_00623,7
SMP_train_00624,6
SMP_train_00625,7
SMP_train_00626,7
SMP_train_00627,3
SMP_train_00628,5
SMP_train_00629,7
SMP_train_00630,9
SMP_train_00631,8
SMP_train_00632,8
SMP_train_00633,16
SMP_train_00634,7
SMP_train_00635,7
SMP_train_00636,7
SMP_train_00637,8
SMP_train_00638,9
SMP_train_00639,5
SMP_train_00640,6
SMP_train_00641,12
SMP_train_00642,14
SMP_train_00643,10
SMP_train_00644,8
SMP_train_00645,8
SMP_train_00646,8
SMP_train_00647,9
SMP_train_00648,5
SMP_train_00649,6
SMP_train_00650,4
SMP_train_00651,10
SMP_train_00652,8
SMP_train_00653,15
SMP_train_00654,7
SMP_train_00655,13
SMP_train_00656,7
SMP_train_00657,9
SMP_train_00658,13
SMP_train_00659,7
SMP_train_00660,8
SMP_train_00661,6
SMP_train_00662,9
SMP_train_00663,6
SMP_train_00664,10
SMP_train_00665,6
SMP_train_00666,13
SMP_train_00667,8
SMP_train_00668,10
SMP_train_00669,7
SMP_train_00670,13
SMP_train_00671,8
SMP_train_00672,7
SMP_train_00673,6
SMP_train_00674,6
SMP_train_00675,6
SMP_train_00676,8
SMP_train_00677,11
SMP_train_00678,6
SMP_train_00679,8
SMP_train_00680,7
SMP_train_00681,6
SMP_train_00682,9
SMP_train_00683,9
SMP_train_00684,4
SMP_train_00685,9
SMP_train_00686,10
SMP_train_00687,6
SMP_train_00688,8
SMP_train_00689,8
SMP_train_00690,7
SMP_train_00691,5
SMP_train_00692,8
SMP_train_00693,7
SMP_train_00694,5
SMP_train_00695,7
SMP_train_00696,5
SMP_train_00697,8
SMP_train_00698,7
SMP_train_00699,6
SMP_train_00700,8
SMP_train_00701,8
SMP_train_00702,8
SMP_train_00703,14
SMP_train_00704,6
SMP_train_00705,8
SMP_train_00706,7
SMP_train_00707,9
SMP_train_00708,8
SMP_train_00709,5
SMP_train_00710,7
SMP_train_00711,7
SMP_train_00712,10
SMP_train_00713,7
SMP_train_00714,7
SMP_train_00715,7
SMP_train_00716,5
SMP_train_00717,13
SMP_train_00718,8
SMP_train_00719,11
SMP_train_00720,3
SMP_train_00721,7
SMP_train_00722,8
SMP_train_00723,9
SMP_train_00724,8
SMP_train_00725,8
SMP_train_00726,6
SMP_train_00727,5
SMP_train_00728,7
SMP_train_00729,12
SMP_train_00730,9
SMP_train_00731,11
SMP_train_00732,7
SMP_train_00733,7
SMP_train_00734,11
SMP_train_00735,7
SMP_train_00736,7
SMP_train_00737,9
SMP_train_00738,9
SMP_train_00739,6
SMP_train_00740,11
SMP_train_00741,8
SMP_train_00742,8
SMP_train_00743,10
SMP_train_00744,9
SMP_train_00745,20
SMP_train_00746,6
SMP_train_00747,5
SMP_train_00748,8
SMP_train_00749,8
SMP_train_00750,4
SMP_train_00751,7
SMP_train_00752,12
SMP_train_00753,7
SMP_train_00754,7
SMP_train_00755,7
SMP_train_00756,10
SMP_train_00757,7
SMP_train_00758,9
SMP_train_00759,10
SMP_train_00760,10
SMP_train_00761,8
SMP_train_00762,11
SMP_train_00763,9
SMP_train_00764,13
SMP_train_00765,14
SMP_train_00766,6
SMP_train_00767,4
SMP_train_00768,9
SMP_train_00769,6
SMP_train_00770,5
SMP_train_00771,7
SMP_train_00772,9
SMP_train_00773,4
SMP_train_00774,8
SMP_train_00775,9
SMP_train_00776,11
SMP_train_00777,7
SMP_train_00778,7
SMP_train_00779,14
SMP_train_00780,11
SMP_train_00781,8
SMP_train_00782,6
SMP_train_00783,11
SMP_train_00784,8
SMP_train_00785,8
SMP_train_00786,6
SMP_train_00787,12
SMP_train_00788,9
SMP_train_00789,7
SMP_train_00790,4
SMP_train_00791,8
SMP_train_00792,3
SMP_train_00793,10
SMP_train_00794,9
SMP_train_00795,5
SMP_train_00796,7
SMP_train_00797,6
SMP_train_00798,8
SMP_train_00799,10
SMP_train_00800,5
SMP_train_00801,7
SMP_train_00802,7
SMP_train_00803,10
SMP_train_00804,6
SMP_train_00805,10
SMP_train_00806,9
SMP_train_00807,4
SMP_train_00808,8
SMP_train_00809,6
SMP_train_00810,8
SMP_train_00811,7
SMP_train_00812,5
SMP_train_00813,14
SMP_train_00814,12
SMP_train_00815,6
SMP_train_00816,11
SMP_train_00817,2
SMP_train_00818,10
SMP_train_00819,11
SMP_train_00820,8
SMP_train_00821,5
SMP_train_00822,16
SMP_train_00823,8
SMP_train_00824,5
SMP_train_00825,5
SMP_train_00826,4
SMP_train_00827,8
SMP_train_00828,9
SMP_train_00829,7
SMP_train_00830,7
SMP_train_00831,6
SMP_train_00832,7
SMP_train_00833,8
SMP_train_00834,7
SMP_train_00835,9
SMP_train_00836,9
SMP_train_00837,6
SMP_train_00838,6
SMP_train_00839,3
SMP_train_00840,10
SMP_train_00841,4
SMP_train_00842,8
SMP_train_00843,4
SMP_train_00844,18
SMP_train_00845,9
SMP_train_00846,5
SMP_train_00847,9
SMP_train_00848,6
SMP_train_00849,7
SMP_train_00850,6
SMP_train_00851,13
SMP_train_00852,6
SMP_train_00853,11
SMP_train_00854,4
SMP_train_00855,9
SMP_train_00856,7
SMP_train_00857,5
SMP_train_00858,6
SMP_train_00859,9
SMP_train_00860,8
SMP_train_00861,7
SMP_train_00862,4
SMP_train_00863,10
SMP_train_00864,9
SMP_train_00865,6
SMP_train_00866,8
SMP_train_00867,6
SMP_train_00868,12
SMP_train_00869,10
SMP_train_00870,8
SMP_train_00871,9
SMP_train_00872,6
SMP_train_00873,7
SMP_train_00874,9
SMP_train_00875,11
SMP_train_00876,11
SMP_train_00877,7
SMP_train_00878,10
SMP_train_00879,5
SMP_train_00880,7
SMP_train_00881,7
SMP_train_00882,4
SMP_train_00883,7
SMP_train_00884,7
SMP_train_00885,5
SMP_train_00886,5
SMP_train_00887,4
SMP_train_00888,9
SMP_train_00889,8
SMP_train_00890,9
SMP_train_00891,8
SMP_train_00892,10
SMP_train_00893,14
SMP_train_00894,6
SMP_train_00895,8
SMP_train_00896,8
SMP_train_00897,5
SMP_train_00898,6
SMP_train_00899,14
SMP_train_00900,6
SMP_train_00901,6
SMP_train_00902,9
SMP_train_00903,7
SMP_train_00904,6
SMP_train_00905,7
SMP_train_00906,7
SMP_train_00907,8
SMP_train_00908,6
SMP_train_00909,4
SMP_train_00910,6
SMP_train_00911,9
SMP_train_00912,6
SMP_train_00913,8
SMP_train_00914,8
SMP_train_00915,6
SMP_train_00916,8
SMP_train_00917,7
SMP_train_00918,8
SMP_train_00919,8
SMP_train_00920,8
SMP_train_00921,8
SMP_train_00922,13
SMP_train_00923,10
SMP_train_00924,5
SMP_train_00925,13
SMP_train_00926,12
SMP_train_00927,8
SMP_train_00928,8
SMP_train_00929,11
SMP_train_00930,22
SMP_train_00931,9
SMP_train_00932,8
SMP_train_00933,12
SMP_train_00934,15
SMP_train_00935,11
SMP_train_00936,10
SMP_train_00937,11
SMP_train_00938,9
SMP_train_00939,12
SMP_train_00940,10
SMP_train_00941,15
SMP_train_00942,12
SMP_train_00943,20
SMP_train_00944,13
SMP_train_00945,9
SMP_train_00946,12
SMP_train_00947,8
SMP_train_00948,9
SMP_train_00949,11
SMP_train_00950,12
SMP_train_00951,16
SMP_train_00952,7
SMP_train_00953,14
SMP_train_00954,9
SMP_train_00955,10
SMP_train_00956,9
SMP_train_00957,18
SMP_train_00958,11
SMP_train_00959,9
SMP_train_00960,11
SMP_train_00961,9
SMP_train_00962,14
SMP_train_00963,12
SMP_train_00964,7
SMP_train_00965,9
SMP_train_00966,12
SMP_train_00967,14
SMP_train_00968,14
SMP_train_00969,11
SMP_train_00970,13
SMP_train_00971,9
SMP_train_00972,11
SMP_train_00973,10
SMP_train_00974,7
SMP_train_00975,19
SMP_train_00976,12
SMP_train_00977,10
SMP_train_00978,10
SMP_train_00979,14
SMP_train_00980,15
SMP_train_00981,14
SMP_train_00982,9
SMP_train_00983,17
SMP_train_00984,22
SMP_train_00985,13
SMP_train_00986,11
SMP_train_00987,7
SMP_train_00988,15
SMP_train_00989,9
SMP_train_00990,19
SMP_train_00991,11
SMP_train_00992,6
SMP_train_00993,12
SMP_train_00994,11
SMP_train_00995,7
SMP_train_00996,9
SMP_train_00997,14
SMP_train_00998,15
SMP_train_00999,12
SMP_train_01000,8
SMP_train_01001,9
SMP_train_01002,16
SMP_train_01003,11
SMP_train_01004,12
SMP_train_01005,12
SMP_train_01006,13
SMP_train_01007,10
SMP_train_01008,21
SMP_train_01009,9
SMP_train_01010,20
SMP_train_01011,12
SMP_train_01012,16
SMP_train_01013,13
SMP_train_01014,11
SMP_train_01015,11
SMP_train_01016,9
SMP_train_01017,9
SMP_train_01018,10
SMP_train_01019,23
SMP_train_01020,10
SMP_train_01021,17
SMP_train_01022,11
SMP_train_01023,14
SMP_train_01024,14
SMP_train_01025,10
SMP_train_01026,9
SMP_train_01027,14
SMP_train_01028,16
SMP_train_01029,9
SMP_train_01030,8
SMP_train_01031,14
SMP_train_01032,13
SMP_train_01033,10
SMP_train_01034,8
SMP_train_01035,13
SMP_train_01036,9
SMP_train_01037,8
SMP_train_01038,8
SMP_train_01039,11
SMP_train_01040,12
SMP_train_01041,12
SMP_train_01042,10
SMP_train_01043,8
SMP_train_01044,12
SMP_train_01045,9
SMP_train_01046,12
SMP_train_01047,8
SMP_train_01048,9
SMP_train_01049,14
SMP_train_01050,12
SMP_train_01051,8
SMP_train_01052,10
SMP_train_01053,9
SMP_train_01054,9
SMP_train_01055,7
SMP_train_01056,13
SMP_train_01057,10
SMP_train_01058,9
SMP_train_01059,15
SMP_train_01060,12
SMP_train_01061,8
SMP_train_01062,15
SMP_train_01063,9
SMP_train_01064,13
SMP_train_01065,8
SMP_train_01066,8
SMP_train_01067,6
SMP_train_01068,8
SMP_train_01069,8
SMP_train_01070,8
SMP_train_01071,15
SMP_train_01072,13
SMP_train_01073,6
SMP_train_01074,11
SMP_train_01075,10
SMP_train_01076,9
SMP_train_01077,7
SMP_train_01078,15
SMP_train_01079,27
SMP_train_01080,16
SMP_train_01081,15
SMP_train_01082,11
SMP_train_01083,6
SMP_train_01084,16
SMP_train_01085,10
SMP_train_01086,12
SMP_train_01087,10
SMP_train_01088,8
SMP_train_01089,11
SMP_train_01090,14
SMP_train_01091,7
SMP_train_01092,8
SMP_train_01093,5
SMP_train_01094,6
SMP_train_01095,6
SMP_train_01096,15
SMP_train_01097,3
SMP_train_01098,6
SMP_train_01099,7
SMP_train_01100,3
SMP_train_01101,11
SMP_train_01102,5
SMP_train_01103,5
SMP_train_01104,7
SMP_train_01105,8
SMP_train_01106,6
SMP_train_01107,8
SMP_train_01108,11
SMP_train_01109,8
SMP_train_01110,4
SMP_train_01111,3
SMP_train_01112,5
SMP_train_01113,7
SMP_train_01114,9
SMP_train_01115,6
SMP_train_01116,6
SMP_train_01117,2
SMP_train_01118,11
SMP_train_01119,7
SMP_train_01120,3
SMP_train_01121,7
SMP_train_01122,15
SMP_train_01123,8
SMP_train_01124,5
SMP_train_01125,9
SMP_train_01126,9
SMP_train_01127,7
SMP_train_01128,8
SMP_train_01129,7
SMP_train_01130,11
SMP_train_01131,6
SMP_train_01132,11
SMP_train_01133,7
SMP_train_01134,7
SMP_train_01135,4
SMP_train_01136,6
SMP_train_01137,7
SMP_train_01138,7
SMP_train_01139,7
SMP_train_01140,3
SMP_train_01141,6
SMP_train_01142,3
SMP_train_01143,5
SMP_train_01144,6
SMP_train_01145,10
SMP_train_01146,14
SMP_train_01147,6
SMP_train_01148,10
SMP_train_01149,25
SMP_train_01150,8
SMP_train_01151,7
SMP_train_01152,10
SMP_train_01153,9
SMP_train_01154,8
SMP_train_01155,10
SMP_train_01156,11
SMP_train_01157,9
SMP_train_01158,13
SMP_train_01159,14
SMP_train_01160,11
SMP_train_01161,3
SMP_train_01162,12
SMP_train_01163,10
SMP_train_01164,10
SMP_train_01165,12
SMP_train_01166,7
SMP_train_01167,12
SMP_train_01168,12
SMP_train_01169,8
SMP_train_01170,6
SMP_train_01171,7
SMP_train_01172,7
SMP_train_01173,10
SMP_train_01174,9
SMP_train_01175,5
SMP_train_01176,7
SMP_train_01177,7
SMP_train_01178,8
SMP_train_01179,10
SMP_train_01180,8
SMP_train_01181,10
SMP_train_01182,3
SMP_train_01183,9
SMP_train_01184,8
SMP_train_01185,7
SMP_train_01186,14
SMP_train_01187,6
SMP_train_01188,8
SMP_train_01189,7
SMP_train_01190,12
SMP_train_01191,8
SMP_train_01192,9
SMP_train_01193,6
SMP_train_01194,5
SMP_train_01195,11
SMP_train_01196,8
SMP_train_01197,10
SMP_train_01198,10
SMP_train_01199,10
SMP_train_01200,6
SMP_train_01201,6
SMP_train_01202,6
SMP_train_01203,7
SMP_train_01204,14
SMP_train_01205,14
SMP_train_01206,7
SMP_train_01207,11
SMP_train_01208,8
SMP_train_01209,8
SMP_train_01210,6
SMP_train_01211,14
SMP_train_01212,7
SMP_train_01213,12
SMP_train_01214,8
SMP_train_01215,8
SMP_train_01216,7
SMP_train_01217,17
SMP_train_01218,9
SMP_train_01219,13
SMP_train_01220,7
SMP_train_01221,13
SMP_train_01222,8
SMP_train_01223,11
SMP_train_01224,12
SMP_train_01225,12
SMP_train_01226,14
SMP_train_01227,6
SMP_train_01228,6
SMP_train_01229,8
SMP_train_01230,8
SMP_train_01231,8
SMP_train_01232,10
SMP_train_01233,13
SMP_train_01234,11
SMP_train_01235,8
SMP_train_01236,6
SMP_train_01237,7
SMP_train_01238,18
SMP_train_01239,8
SMP_train_01240,11
SMP_train_01241,11
SMP_train_01242,10
SMP_train_01243,15
SMP_train_01244,19
SMP_train_01245,14
SMP_train_01246,15
SMP_train_01247,8
SMP_train_01248,7
SMP_train_01249,14
SMP_train_01250,12
SMP_train_01251,9
SMP_train_01252,18
SMP_train_01253,8
SMP_train_01254,14
SMP_train_01255,8
SMP_train_01256,8
SMP_train_01257,8
SMP_train_01258,13
SMP_train_01259,15
SMP_train_01260,12
SMP_train_01261,7
SMP_train_01262,6
SMP_train_01263,8
SMP_train_01264,15
SMP_train_01265,7
SMP_train_01266,18
SMP_train_01267,7
SMP_train_01268,3
SMP_train_01269,11
SMP_train_01270,13
SMP_train_01271,18
SMP_train_01272,10
SMP_train_01273,7
SMP_train_01274,7
SMP_train_01275,16
SMP_train_01276,7
SMP_train_01277,13
SMP_train_01278,7
SMP_train_01279,16
SMP_train_01280,7
SMP_train_01281,17
SMP_train_01282,18
SMP_train_01283,7
SMP_train_01284,15
SMP_train_01285,12
SMP_train_01286,15
SMP_train_01287,7
SMP_train_01288,12
SMP_train_01289,14
SMP_train_01290,9
SMP_train_01291,6
SMP_train_01292,6
SMP_train_01293,6
SMP_train_01294,7
SMP_train_01295,7
SMP_train_01296,22
SMP_train_01297,15
SMP_train_01298,7
SMP_train_01299,6
SMP_train_01300,7
SMP_train_01301,19
SMP_train_01302,6
SMP_train_01303,6
SMP_train_01304,7
SMP_train_01305,14
SMP_train_01306,15
SMP_train_01307,6
SMP_train_01308,6
SMP_train_01309,7
SMP_train_01310,5
SMP_train_01311,8
SMP_train_01312,6
SMP_train_01313,6
SMP_train_01314,14
SMP_train_01315,8
SMP_train_01316,8
SMP_train_01317,6
SMP_train_01318,15
SMP_train_01319,6
SMP_train_01320,8
SMP_train_01321,14
SMP_train_01322,7
SMP_train_01323,7
SMP_train_01324,7
SMP_train_01325,7
SMP_train_01326,7
SMP_train_01327,7
SMP_train_01328,10
SMP_train_01329,8
SMP_train_01330,4
SMP_train_01331,10
SMP_train_01332,7
SMP_train_01333,9
SMP_train_01334,7
SMP_train_01335,9
SMP_train_01336,6
SMP_train_01337,7
SMP_train_01338,8
SMP_train_01339,10
SMP_train_01340,4
SMP_train_01341,9
SMP_train_01342,11
SMP_train_01343,8
SMP_train_01344,10
SMP_train_01345,11
SMP_train_01346,8
SMP_train_01347,5
SMP_train_01348,8
SMP_train_01349,12
SMP_train_01350,8
SMP_train_01351,8
SMP_train_01352,6
SMP_train_01353,9
SMP_train_01354,8
SMP_train_01355,7
SMP_train_01356,9
SMP_train_01357,8
SMP_train_01358,9
SMP_train_01359,4
SMP_train_01360,6
SMP_train_01361,14
SMP_train_01362,8
SMP_train_01363,5
SMP_train_01364,8
SMP_train_01365,7
SMP_train_01366,9
SMP_train_01367,9
SMP_train_01368,8
SMP_train_01369,7
SMP_train_01370,7
SMP_train_01371,8
SMP_train_01372,6
SMP_train_01373,5
SMP_train_01374,8
SMP_train_01375,6
SMP_train_01376,9
SMP_train_01377,9
SMP_train_01378,6
SMP_train_01379,10
SMP_train_01380,7
SMP_train_01381,9
SMP_train_01382,6
SMP_train_01383,8
SMP_train_01384,12
SMP_train_01385,7
SMP_train_01386,8
SMP_train_01387,11
SMP_train_01388,5
SMP_train_01389,8
SMP_train_01390,7
SMP_train_01391,7
SMP_train_01392,9
SMP_train_01393,10
SMP_train_01394,7
SMP_train_01395,14
SMP_train_01396,8
SMP_train_01397,7
SMP_train_01398,9
SMP_train_01399,4
SMP_train_01400,10
SMP_train_01401,9
SMP_train_01402,6
SMP_train_01403,7
SMP_train_01404,9
SMP_train_01405,7
SMP_train_01406,10
SMP_train_01407,4
SMP_train_01408,6
SMP_train_01409,7
SMP_train_01410,9
SMP_train_01411,10
SMP_train_01412,6
SMP_train_01413,8
SMP_train_01414,9
SMP_train_01415,10
SMP_train_01416,10
SMP_train_01417,11
SMP_train_01418,9
SMP_train_01419,11
SMP_train_01420,10
SMP_train_01421,7
SMP_train_01422,9
SMP_train_01423,16
SMP_train_01424,13
SMP_train_01425,7
SMP_train_01426,6
SMP_train_01427,9
SMP_train_01428,8
SMP_train_01429,11
SMP_train_01430,7
SMP_train_01431,5
SMP_train_01432,8
SMP_train_01433,8
SMP_train_01434,11
SMP_train_01435,9
SMP_train_01436,8
SMP_train_01437,9
SMP_train_01438,8
SMP_train_01439,20
SMP_train_01440,6
SMP_train_01441,6
SMP_train_01442,5
SMP_train_01443,7
SMP_train_01444,12
SMP_train_01445,9
SMP_train_01446,10
SMP_train_01447,7
SMP_train_01448,7
SMP_train_01449,9
SMP_train_01450,12
SMP_train_01451,11
SMP_train_01452,9
SMP_train_01453,11
SMP_train_01454,7
SMP_train_01455,11
SMP_train_01456,9
SMP_train_01457,9
SMP_train_01458,16
SMP_train_01459,17
SMP_train_01460,9
SMP_train_01461,9
SMP_train_01462,9
SMP_train_01463,8
SMP_train_01464,9
SMP_train_01465,10
SMP_train_01466,9
SMP_train_01467,9
SMP_train_01468,17
SMP_train_01469,7
SMP_train_01470,10
SMP_train_01471,7
SMP_train_01472,6
SMP_train_01473,6
SMP_train_01474,10
SMP_train_01475,9
SMP_train_01476,15
SMP_train_01477,9
SMP_train_01478,5
SMP_train_01479,6
SMP_train_01480,5
SMP_train_01481,7
SMP_train_01482,6
SMP_train_01483,5
SMP_train_01484,11
SMP_train_01485,7
SMP_train_01486,6
SMP_train_01487,13
SMP_train_01488,11
SMP_train_01489,10
SMP_train_01490,5
SMP_train_01491,9
SMP_train_01492,12
SMP_train_01493,14
SMP_train_01494,10
SMP_train_01495,7
SMP_train_01496,4
SMP_train_01497,9
SMP_train_01498,7
SMP_train_01499,10
SMP_train_01500,6
SMP_train_01501,8
SMP_train_01502,10
SMP_train_01503,8
SMP_train_01504,6
SMP_train_01505,14
SMP_train_01506,15
SMP_train_01507,10
SMP_train_01508,12
SMP_train_01509,14
SMP_train_01510,10
SMP_train_01511,10
SMP_train_01512,6
SMP_train_01513,8
SMP_train_01514,6
SMP_train_01515,15
SMP_train_01516,14
SMP_train_01517,6
SMP_train_01518,12
SMP_train_01519,10
SMP_train_01520,10
SMP_train_01521,12
SMP_train_01522,10
SMP_train_01523,6
SMP_train_01524,12
SMP_train_01525,10
SMP_train_01526,10
SMP_train_01527,5
SMP_train_01528,8
SMP_train_01529,5
SMP_train_01530,7
SMP_train_01531,5
SMP_train_01532,7
SMP_train_01533,6
SMP_train_01534,12
SMP_train_01535,10
SMP_train_01536,14
SMP_train_01537,8
SMP_train_01538,9
SMP_train_01539,15
SMP_train_01540,9
SMP_train_01541,7
SMP_train_01542,8
SMP_train_01543,7
SMP_train_01544,12
SMP_train_01545,6
SMP_train_01546,12
SMP_train_01547,6
SMP_train_01548,10
SMP_train_01549,5
SMP_train_01550,5
SMP_train_01551,6
SMP_train_01552,11
SMP_train_01553,10
SMP_train_01554,15
SMP_train_01555,7
SMP_train_01556,7
SMP_train_01557,7
SMP_train_01558,8
SMP_train_01559,12
SMP_train_01560,9
SMP_train_01561,9
SMP_train_01562,6
SMP_train_01563,6
SMP_train_01564,9
SMP_train_01565,13
SMP_train_01566,11
SMP_train_01567,6
SMP_train_01568,6
SMP_train_01569,12
SMP_train_01570,7
SMP_train_01571,7
SMP_train_01572,7
SMP_train_01573,7
SMP_train_01574,7
SMP_train_01575,9
SMP_train_01576,12
SMP_train_01577,8
SMP_train_01578,11
SMP_train_01579,9
SMP_train_01580,17
SMP_train_01581,9
SMP_train_01582,8
SMP_train_01583,17
SMP_train_01584,17
SMP_train_01585,17
SMP_train_01586,18
SMP_train_01587,20
SMP_train_01588,23
SMP_train_01589,21
SMP_train_01590,6
SMP_train_01591,20
SMP_train_01592,11
SMP_train_01593,15
SMP_train_01594,5
SMP_train_01595,26
SMP_train_01596,12
SMP_train_01597,12
SMP_train_01598,21
SMP_train_01599,7
SMP_train_01600,9
SMP_train_01601,5
SMP_train_01602,9
SMP_train_01603,6
SMP_train_01604,11
SMP_train_01605,7
SMP_train_01606,7
SMP_train_01607,20
SMP_train_01608,7
SMP_train_01609,9
SMP_train_01610,9
SMP_train_01611,7
SMP_train_01612,4
SMP_train_01613,8
SMP_train_01614,5
SMP_train_01615,11
SMP_train_01616,8
SMP_train_01617,9
SMP_train_01618,10
SMP_train_01619,9
SMP_train_01620,6
SMP_train_01621,12
SMP_train_01622,6
SMP_train_01623,8
SMP_train_01624,8
SMP_train_01625,7
SMP_train_01626,6
SMP_train_01627,14
SMP_train_01628,17
SMP_train_01629,8
SMP_train_01630,4
SMP_train_01631,9
SMP_train_01632,5
SMP_train_01633,12
SMP_train_01634,9
SMP_train_01635,12
SMP_train_01636,7
SMP_train_01637,9
SMP_train_01638,7
SMP_train_01639,9
SMP_train_01640,16
SMP_train_01641,7
SMP_train_01642,10
SMP_train_01643,5
SMP_train_01644,10
SMP_train_01645,10
SMP_train_01646,4
SMP_train_01647,13
SMP_train_01648,5
SMP_train_01649,8
SMP_train_01650,11
SMP_train_01651,18
SMP_train_01652,10
SMP_train_01653,16
SMP_train_01654,12
SMP_train_01655,13
SMP_train_01656,11
SMP_train_01657,10
SMP_train_01658,10
SMP_train_01659,13
SMP_train_01660,15
SMP_train_01661,11
SMP_train_01662,9
SMP_train_01663,9
SMP_train_01664,9
SMP_train_01665,13
SMP_train_01666,9
SMP_train_01667,13
SMP_train_01668,11
SMP_train_01669,12
SMP_train_01670,2
SMP_train_01671,7
SMP_train_01672,5
SMP_train_01673,13
SMP_train_01674,8
SMP_train_01675,12
SMP_train_01676,11
SMP_train_01677,11
SMP_train_01678,11
SMP_train_01679,9
SMP_train_01680,8
SMP_train_01681,9
SMP_train_01682,13
SMP_train_01683,9
SMP_train_01684,4
SMP_train_01685,9
SMP_train_01686,6
SMP_train_01687,9
SMP_train_01688,9
SMP_train_01689,11
SMP_train_01690,9
SMP_train_01691,4
SMP_train_01692,9
SMP_train_01693,6
SMP_train_01694,9
SMP_train_01695,14
SMP_train_01696,4
SMP_train_01697,6
SMP_train_01698,12
SMP_train_01699,6
SMP_train_01700,9
SMP_train_01701,11
SMP_train_01702,10
SMP_train_01703,9
SMP_train_01704,9
SMP_train_01705,6
SMP_train_01706,18
SMP_train_01707,2
SMP_train_01708,6
SMP_train_01709,9
SMP_train_01710,8
SMP_train_01711,9
SMP_train_01712,8
SMP_train_01713,8
SMP_train_01714,6
SMP_train_01715,8
SMP_train_01716,11
SMP_train_01717,8
SMP_train_01718,7
SMP_train_01719,14
SMP_train_01720,7
SMP_train_01721,8
SMP_train_01722,6
SMP_train_01723,2
SMP_train_01724,16
SMP_train_01725,16
SMP_train_01726,8
SMP_train_01727,9
SMP_train_01728,6
SMP_train_01729,6
SMP_train_01730,13
SMP_train_01731,8
SMP_train_01732,9
SMP_train_01733,8
SMP_train_01734,5
SMP_train_01735,6
SMP_train_01736,4
SMP_train_01737,8
SMP_train_01738,9
SMP_train_01739,3
SMP_train_01740,6
SMP_train_01741,5
SMP_train_01742,4
SMP_train_01743,6
SMP_train_01744,6
SMP_train_01745,7
SMP_train_01746,7
SMP_train_01747,10
SMP_train_01748,8
SMP_train_01749,14
SMP_train_01750,9
SMP_train_01751,8
SMP_train_01752,7
SMP_train_01753,8
SMP_train_01754,9
SMP_train_01755,11
SMP_train_01756,10
SMP_train_01757,4
SMP_train_01758,5
SMP_train_01759,7
SMP_train_01760,7
SMP_train_01761,6
SMP_train_01762,6
SMP_train_01763,6
SMP_train_01764,7
SMP_train_01765,6
SMP_train_01766,6
SMP_train_01767,7
SMP_train_01768,6
SMP_train_01769,15
SMP_train_01770,6
SMP_train_01771,11
SMP_train_01772,7
SMP_train_01773,6
SMP_train_01774,6
SMP_train_01775,6
SMP_train_01776,6
SMP_train_01777,6
SMP_train_01778,8
SMP_train_01779,7
SMP_train_01780,7
SMP_train_01781,6
SMP_train_01782,3
SMP_train_01783,11
SMP_train_01784,5
SMP_train_01785,7
SMP_train_01786,7
SMP_train_01787,15
SMP_train_01788,12
SMP_train_01789,7
SMP_train_01790,6
SMP_train_01791,6
SMP_train_01792,7
SMP_train_01793,13
SMP_train_01794,7
SMP_train_01795,6
SMP_train_01796,10
SMP_train_01797,9
SMP_train_01798,12
SMP_train_01799,9
SMP_train_01800,9
SMP_train_01801,9
SMP_train_01802,10
SMP_train_01803,7
SMP_train_01804,9
SMP_train_01805,9
SMP_train_01806,9
SMP_train_01807,9
SMP_train_01808,14
SMP_train_01809,8
SMP_train_01810,10
SMP_train_01811,9
SMP_train_01812,12
SMP_train_01813,8
SMP_train_01814,10
SMP_train_01815,10
SMP_train_01816,8
SMP_train_01817,11
SMP_train_01818,9
SMP_train_01819,13
SMP_train_01820,18
SMP_train_01821,10
SMP_train_01822,7
SMP_train_01823,7
SMP_train_01824,8
SMP_train_01825,14
SMP_train_01826,14
SMP_train_01827,8
SMP_train_01828,13
SMP_train_01829,12
SMP_train_01830,9
SMP_train_01831,8
SMP_train_01832,10
SMP_train_01833,11
SMP_train_01834,9
SMP_train_01835,9
SMP_train_01836,10
SMP_train_01837,8
SMP_train_01838,13
SMP_train_01839,9
SMP_train_01840,13
SMP_train_01841,8
SMP_train_01842,8
SMP_train_01843,11
SMP_train_01844,17
SMP_train_01845,14
SMP_train_01846,13
SMP_train_01847,11
SMP_train_01848,13
SMP_train_01849,13
SMP_train_01850,12
SMP_train_01851,8
SMP_train_01852,8
SMP_train_01853,6
SMP_train_01854,15
SMP_train_01855,12
SMP_train_01856,8
SMP_train_01857,13
SMP_train_01858,8
SMP_train_01859,12
SMP_train_01860,13
SMP_train_01861,11
SMP_train_01862,13
SMP_train_01863,8
SMP_train_01864,10
SMP_train_01865,14
SMP_train_01866,12
SMP_train_01867,9
SMP_train_01868,4
SMP_train_01869,10
SMP_train_01870,8
SMP_train_01871,11
SMP_train_01872,13
SMP_train_01873,7
SMP_train_01874,9
SMP_train_01875,11
SMP_train_01876,8
SMP_train_01877,8
SMP_train_01878,9
SMP_train_01879,4
SMP_train_01880,9
SMP_train_01881,6
SMP_train_01882,10
SMP_train_01883,10
SMP_train_01884,11
SMP_train_01885,9
SMP_train_01886,5
SMP_train_01887,6
SMP_train_01888,22
SMP_train_01889,5
SMP_train_01890,9
SMP_train_01891,15
SMP_train_01892,12
SMP_train_01893,8
SMP_train_01894,9
SMP_train_01895,3
SMP_train_01896,7
SMP_train_01897,8
SMP_train_01898,9
SMP_train_01899,12
SMP_train_01900,8
SMP_train_01901,11
SMP_train_01902,9
SMP_train_01903,8
SMP_train_01904,6
SMP_train_01905,8
SMP_train_01906,9
SMP_train_01907,13
SMP_train_01908,11
SMP_train_01909,12
SMP_train_01910,8
SMP_train_01911,9
SMP_train_01912,9
SMP_train_01913,11
SMP_train_01914,7
SMP_train_01915,14
SMP_train_01916,13
SMP_train_01917,9
SMP_train_01918,9
SMP_train_01919,7
SMP_train_01920,8
SMP_train_01921,9
SMP_train_01922,11
SMP_train_01923,8
SMP_train_01924,10
SMP_train_01925,8
SMP_train_01926,11
SMP_train_01927,4
SMP_train_01928,5
SMP_train_01929,10
SMP_train_01930,5
SMP_train_01931,4
SMP_train_01932,4
SMP_train_01933,4
SMP_train_01934,6
SMP_train_01935,3
SMP_train_01936,10
SMP_train_01937,5
SMP_train_01938,3
SMP_train_01939,9
SMP_train_01940,8
SMP_train_01941,6
SMP_train_01942,9
SMP_train_01943,6
SMP_train_01944,15
SMP_train_01945,8
SMP_train_01946,11
SMP_train_01947,5
SMP_train_01948,3
SMP_train_01949,5
SMP_train_01950,5
SMP_train_01951,11
SMP_train_01952,6
SMP_train_01953,8
SMP_train_01954,9
SMP_train_01955,4
SMP_train_01956,4
SMP_train_01957,7
SMP_train_01958,6
SMP_train_01959,12
SMP_train_01960,6
SMP_train_01961,4
SMP_train_01962,9
SMP_train_01963,5
SMP_train_01964,5
SMP_train_01965,5
SMP_train_01966,5
SMP_train_01967,4
SMP_train_01968,8
SMP_train_01969,10
SMP_train_01970,5
SMP_train_01971,8
SMP_train_01972,8
SMP_train_01973,6
SMP_train_01974,4
SMP_train_01975,6
SMP_train_01976,7
SMP_train_01977,2
SMP_train_01978,3
SMP_train_01979,9
SMP_train_01980,4
SMP_train_01981,14
SMP_train_01982,7
SMP_train_01983,5
SMP_train_01984,3
SMP_train_01985,11
SMP_train_01986,5
SMP_train_01987,6
SMP_train_01988,6
SMP_train_01989,5
SMP_train_01990,6
SMP_train_01991,11
SMP_train_01992,8
SMP_train_01993,9
SMP_train_01994,5
SMP_train_01995,5
SMP_train_01996,5
SMP_train_01997,3
SMP_train_01998,3
SMP_train_01999,9
SMP_train_02000,6
SMP_train_02001,3
SMP_train_02002,5
SMP_train_02003,6
SMP_train_02004,3
SMP_train_02005,4
SMP_train_02006,3
SMP_train_02007,5
SMP_train_02008,2
SMP_train_02009,2
SMP_train_02010,6
SMP_train_02011,8
SMP_train_02012,5
SMP_train_02013,5
SMP_train_02014,10
SMP_train_02015,7
SMP_train_02016,12
SMP_train_02017,10
SMP_train_02018,11
SMP_train_02019,7
SMP_train_02020,4
SMP_train_02021,4
SMP_train_02022,3
SMP_train_02023,2
SMP_train_02024,10
SMP_train_02025,4
SMP_train_02026,12
SMP_train_02027,9
SMP_train_02028,4
SMP_train_02029,4
SMP_train_02030,4
SMP_train_02031,11
SMP_train_02032,4
SMP_train_02033,4
SMP_train_02034,4
SMP_train_02035,10
SMP_train_02036,6
SMP_train_02037,10
SMP_train_02038,6
SMP_train_02039,7
SMP_train_02040,7
SMP_train_02041,8
SMP_train_02042,17
SMP_train_02043,8
SMP_train_02044,7
SMP_train_02045,4
SMP_train_02046,7
SMP_train_02047,4
SMP_train_02048,2
SMP_train_02049,13
SMP_train_02050,9
SMP_train_02051,6
SMP_train_02052,7
SMP_train_02053,4
SMP_train_02054,9
SMP_train_02055,6
SMP_train_02056,4
SMP_train_02057,6
SMP_train_02058,15
SMP_train_02059,6
SMP_train_02060,10
SMP_train_02061,4
SMP_train_02062,4
SMP_train_02063,3
SMP_train_02064,6
SMP_train_02065,3
SMP_train_02066,5
SMP_train_02067,14
SMP_train_02068,4
SMP_train_02069,9
SMP_train_02070,12
SMP_train_02071,5
SMP_train_02072,6
SMP_train_02073,5
SMP_train_02074,6
SMP_train_02075,6
SMP_train_02076,5
SMP_train_02077,8
SMP_train_02078,10
SMP_train_02079,11
SMP_train_02080,11
SMP_train_02081,7
SMP_train_02082,6
SMP_train_02083,7
SMP_train_02084,9
SMP_train_02085,5
SMP_train_02086,13
SMP_train_02087,9
SMP_train_02088,5
SMP_train_02089,7
SMP_train_02090,8
SMP_train_02091,8
SMP_train_02092,4
SMP_train_02093,6
SMP_train_02094,4
SMP_train_02095,13
SMP_train_02096,6
SMP_train_02097,6
SMP_train_02098,6
SMP_train_02099,2
SMP_train_02100,7
SMP_train_02101,8
SMP_train_02102,6
SMP_train_02103,13
SMP_train_02104,11
SMP_train_02105,5
SMP_train_02106,7
SMP_train_02107,4
SMP_train_02108,4
SMP_train_02109,6
SMP_train_02110,5
SMP_train_02111,4
SMP_train_02112,6
SMP_train_02113,11
SMP_train_02114,10
SMP_train_02115,13
SMP_train_02116,10
SMP_train_02117,8
SMP_train_02118,4
SMP_train_02119,6
SMP_train_02120,6
SMP_train_02121,9
SMP_train_02122,9
SMP_train_02123,4
SMP_train_02124,3
SMP_train_02125,10
SMP_train_02126,5
SMP_train_02127,6
SMP_train_02128,4
SMP_train_02129,16
SMP_train_02130,5
SMP_train_02131,7
SMP_train_02132,4
SMP_train_02133,4
SMP_train_02134,6
SMP_train_02135,5
SMP_train_02136,5
SMP_train_02137,5
SMP_train_02138,7
SMP_train_02139,13
SMP_train_02140,7
SMP_train_02141,4
SMP_train_02142,5
SMP_train_02143,13
SMP_train_02144,3
SMP_train_02145,9
SMP_train_02146,7
SMP_train_02147,6
SMP_train_02148,11
SMP_train_02149,5
SMP_train_02150,5
SMP_train_02151,7
SMP_train_02152,6
SMP_train_02153,9
SMP_train_02154,5
SMP_train_02155,2
SMP_train_02156,6
SMP_train_02157,4
SMP_train_02158,6
SMP_train_02159,5
SMP_train_02160,7
SMP_train_02161,3
SMP_train_02162,4
SMP_train_02163,13
SMP_train_02164,8
SMP_train_02165,5
SMP_train_02166,10
SMP_train_02167,4
SMP_train_02168,9
SMP_train_02169,8
SMP_train_02170,7
SMP_train_02171,3
SMP_train_02172,6
SMP_train_02173,4
SMP_train_02174,4
SMP_train_02175,5
SMP_train_02176,11
SMP_train_02177,10
SMP_train_02178,4
SMP_train_02179,5
SMP_train_02180,9
SMP_train_02181,11
SMP_train_02182,6
SMP_train_02183,5
SMP_train_02184,8
SMP_train_02185,4
SMP_train_02186,5
SMP_train_02187,11
SMP_train_02188,13
SMP_train_02189,6
SMP_train_02190,8
SMP_train_02191,8
SMP_train_02192,8
SMP_train_02193,6
SMP_train_02194,10
SMP_train_02195,9
SMP_train_02196,6
SMP_train_02197,6
SMP_train_02198,4
SMP_train_02199,5
SMP_train_02200,9
SMP_train_02201,5
SMP_train_02202,8
SMP_train_02203,9
SMP_train_02204,7
SMP_train_02205,5
SMP_train_02206,12
SMP_train_02207,10
SMP_train_02208,4
SMP_train_02209,5
SMP_train_02210,9
SMP_train_02211,6
SMP_train_02212,11
SMP_train_02213,9
SMP_train_02214,4
SMP_train_02215,4
SMP_train_02216,8
SMP_train_02217,4
SMP_train_02218,6
SMP_train_02219,5
SMP_train_02220,6
SMP_train_02221,6
SMP_train_02222,6
SMP_train_02223,4
SMP_train_02224,4
SMP_train_02225,15
SMP_train_02226,7
SMP_train_02227,8
SMP_train_02228,4
SMP_train_02229,9
SMP_train_02230,5
SMP_train_02231,6
SMP_train_02232,5
SMP_train_02233,6
SMP_train_02234,7
SMP_train_02235,4
SMP_train_02236,6
SMP_train_02237,6
SMP_train_02238,5
SMP_train_02239,9
SMP_train_02240,4
SMP_train_02241,6
SMP_train_02242,5
SMP_train_02243,6
SMP_train_02244,4
SMP_train_02245,10
SMP_train_02246,4
SMP_train_02247,9
SMP_train_02248,4
SMP_train_02249,3
SMP_train_02250,5
SMP_train_02251,4
SMP_train_02252,6
SMP_train_02253,5
SMP_train_02254,8
SMP_train_02255,11
SMP_train_02256,8
SMP_train_02257,8
SMP_train_02258,2
SMP_train_02259,3
SMP_train_02260,5
SMP_train_02261,10
SMP_train_02262,7
SMP_train_02263,6
SMP_train_02264,9
SMP_train_02265,8
SMP_train_02266,10
SMP_train_02267,7
SMP_train_02268,6
SMP_train_02269,7
SMP_train_02270,8
SMP_train_02271,4
SMP_train_02272,8
SMP_train_02273,5
SMP_train_02274,8
SMP_train_02275,11
SMP_train_02276,6
SMP_train_02277,8
SMP_train_02278,5
SMP_train_02279,4
SMP_train_02280,3
SMP_train_02281,2
SMP_train_02282,5
SMP_train_02283,8
SMP_train_02284,8
SMP_train_02285,5
SMP_train_02286,6
SMP_train_02287,4
SMP_train_02288,5
SMP_train_02289,4
SMP_train_02290,5
SMP_train_02291,7
SMP_train_02292,7
SMP_train_02293,8
SMP_train_02294,6
SMP_train_02295,6
SMP_train_02296,4
SMP_train_02297,7
SMP_train_02298,7
SMP_train_02299,8
SMP_valid_00001,7
SMP_valid_00002,8
SMP_valid_00003,6
SMP_valid_00004,6
SMP_valid_00005,6
SMP_valid_00006,3
SMP_valid_00007,9
SMP_valid_00008,8
SMP_valid_00009,16
SMP_valid_00010,7
SMP_valid_00011,8
SMP_valid_00012,3
SMP_valid_00013,5
SMP_valid_00014,8
SMP_valid_00015,6
SMP_valid_00016,6
SMP_valid_00017,6
SMP_valid_00018,4
SMP_valid_00019,11
SMP_valid_00020,11
SMP_valid_00021,8
SMP_valid_00022,10
SMP_valid_00023,12
SMP_valid_00024,12
SMP_valid_00025,12
SMP_valid_00026,10
SMP_valid_00027,3
SMP_valid_00028,19
SMP_valid_00029,10
SMP_valid_00030,6
SMP_valid_00031,12
SMP_valid_00032,8
SMP_valid_00033,6
SMP_valid_00034,6
SMP_valid_00035,7
SMP_valid_00036,5
SMP_valid_00037,4
SMP_valid_00038,5
SMP_valid_00039,6
SMP_valid_00040,8
SMP_valid_00041,5
SMP_valid_00042,7
SMP_valid_00043,5
SMP_valid_00044,7
SMP_valid_00045,7
SMP_valid_00046,12
SMP_valid_00047,8
SMP_valid_00048,5
SMP_valid_00049,4
SMP_valid_00050,5
SMP_valid_00051,5
SMP_valid_00052,11
SMP_valid_00053,5
SMP_valid_00054,8
SMP_valid_00055,65
SMP_valid_00056,13
SMP_valid_00057,3
SMP_valid_00058,9
SMP_valid_00059,3
SMP_valid_00060,5
SMP_valid_00061,2
SMP_valid_00062,15
SMP_valid_00063,4
SMP_valid_00064,7
SMP_valid_00065,8
SMP_valid_00066,9
SMP_valid_00067,5
SMP_valid_00068,11
SMP_valid_00069,6
SMP_valid_00070,5
SMP_valid_00071,7
SMP_valid_00072,4
SMP_valid_00073,6
SMP_valid_00074,5
SMP_valid_00075,7
SMP_valid_00076,3
SMP_valid_00077,3
SMP_valid_00078,4
SMP_valid_00079,9
SMP_valid_00080,8
SMP_valid_00081,3
SMP_valid_00082,6
SMP_valid_00083,11
SMP_valid_00084,7
SMP_valid_00085,5
SMP_valid_00086,5
SMP_valid_00087,4
SMP_valid_00088,7
SMP_valid_00089,9
SMP_valid_00090,10
SMP_valid_00091,8
SMP_valid_00092,13
SMP_valid_00093,9
SMP_valid_00094,10
SMP_valid_00095,10
SMP_valid_00096,5
SMP_valid_00097,4
SMP_valid_00098,3
SMP_valid_00099,12
SMP_valid_00100,14
SMP_valid_00101,8
SMP_valid_00102,7
SMP_valid_00103,5
SMP_valid_00104,5
SMP_valid_00105,4
SMP_valid_00106,4
SMP_valid_00107,6
SMP_valid_00108,3
SMP_valid_00109,5
SMP_valid_00110,10
SMP_valid_00111,15
SMP_valid_00112,8
SMP_valid_00113,4
SMP_valid_00114,4
SMP_valid_00115,7
SMP_valid_00116,7
SMP_valid_00117,7
SMP_valid_00118,8
SMP_valid_00119,2
SMP_valid_00120,2
SMP_valid_00121,6
SMP_valid_00122,8
SMP_valid_00123,10
SMP_valid_00124,6
SMP_valid_00125,5
SMP_valid_00126,5
SMP_valid_00127,5
SMP_valid_00128,3
SMP_valid_00129,11
SMP_valid_00130,7
SMP_valid_00131,5
SMP_valid_00132,4
SMP_valid_00133,5
SMP_valid_00134,5
SMP_valid_00135,8
SMP_valid_00136,4
SMP_valid_00137,6
SMP_valid_00138,7
SMP_valid_00139,5
SMP_valid_00140,7
SMP_valid_00141,6
SMP_valid_00142,7
SMP_valid_00143,4
SMP_valid_00144,8
SMP_valid_00145,3
SMP_valid_00146,7
SMP_valid_00147,7
SMP_valid_00148,6
SMP_valid_00149,9
SMP_valid_00150,10
SMP_valid_00151,5
SMP_valid_00152,9
SMP_valid_00153,5
SMP_valid_00154,5
SMP_valid_00155,7
SMP_valid_00156,4
SMP_valid_00157,7
SMP_valid_00158,7
SMP_valid_00159,6
SMP_valid_00160,6
SMP_valid_00161,7
SMP_valid_00162,21
SMP_valid_00163,5
SMP_valid_00164,10
SMP_valid_00165,4
SMP_valid_00166,3
SMP_valid_00167,10
SMP_valid_00168,6
SMP_valid_00169,3
SMP_valid_00170,6
SMP_valid_00171,8
SMP_valid_00172,10
SMP_valid_00173,6
SMP_valid_00174,11
SMP_valid_00175,23
SMP_valid_00176,3
SMP_valid_00177,4
SMP_valid_00178,9
SMP_valid_00179,8
SMP_valid_00180,10
SMP_valid_00181,9
SMP_valid_00182,6
SMP_valid_00183,3
SMP_valid_00184,5
SMP_valid_00185,4
SMP_valid_00186,3
SMP_valid_00187,8
SMP_valid_00188,2
SMP_valid_00189,18
SMP_valid_00190,11
SMP_valid_00191,6
SMP_valid_00192,10
SMP_valid_00193,8
SMP_valid_00194,12
SMP_valid_00195,9
SMP_valid_00196,9
SMP_valid_00197,8
SMP_valid_00198,18
SMP_valid_00199,13
SMP_valid_00200,10
SMP_valid_00201,8
SMP_valid_00202,11
SMP_valid_00203,12
SMP_valid_00204,10
SMP_valid_00205,10
SMP_valid_00206,12
SMP_valid_00207,8
SMP_valid_00208,8
SMP_valid_00209,4
SMP_valid_00210,19
SMP_valid_00211,2
SMP_valid_00212,10
SMP_valid_00213,10
SMP_valid_00214,7
SMP_valid_00215,6
SMP_valid_00216,9
SMP_valid_00217,8
SMP_valid_00218,11
SMP_valid_00219,10
SMP_valid_00220,13
SMP_valid_00221,11
SMP_valid_00222,8
SMP_valid_00223,9
SMP_valid_00224,14
SMP_valid_00225,4
SMP_valid_00226,12
SMP_valid_00227,9
SMP_valid_00228,11
SMP_valid_00229,4
SMP_valid_00230,17
SMP_valid_00231,11
SMP_valid_00232,11
SMP_valid_00233,13
SMP_valid_00234,4
SMP_valid_00235,9
SMP_valid_00236,9
SMP_valid_00237,8
SMP_valid_00238,14
SMP_valid_00239,10
SMP_valid_00240,13
SMP_valid_00241,8
SMP_valid_00242,12
SMP_valid_00243,13
SMP_valid_00244,8
SMP_valid_00245,5
SMP_valid_00246,5
SMP_valid_00247,6
SMP_valid_00248,7
SMP_valid_00249,15
SMP_valid_00250,3
SMP_valid_00251,9
SMP_valid_00252,8
SMP_valid_00253,11
SMP_valid_00254,6
SMP_valid_00255,12
SMP_valid_00256,7
SMP_valid_00257,6
SMP_valid_00258,6
SMP_valid_00259,8
SMP_valid_00260,12
SMP_valid_00261,5
SMP_valid_00262,9
SMP_valid_00263,8
SMP_valid_00264,5
SMP_valid_00265,7
SMP_valid_00266,5
SMP_valid_00267,10
SMP_valid_00268,9
SMP_valid_00269,7
SMP_valid_00270,20
SMP_valid_00271,6
SMP_valid_00272,8
SMP_valid_00273,6
SMP_valid_00274,6
SMP_valid_00275,6
SMP_valid_00276,14
SMP_valid_00277,9
SMP_valid_00278,9
SMP_valid_00279,10
SMP_valid_00280,8
SMP_valid_00281,9
SMP_valid_00282,7
SMP_valid_00283,18
SMP_valid_00284,7
SMP_valid_00285,5
SMP_valid_00286,8
SMP_valid_00287,7
SMP_valid_00288,11
SMP_valid_00289,9
SMP_valid_00290,6
SMP_valid_00291,8
SMP_valid_00292,7
SMP_valid_00293,11
SMP_valid_00294,11
SMP_valid_00295,7
SMP_valid_00296,7
SMP_valid_00297,16
SMP_valid_00298,7
SMP_valid_00299,8
SMP_valid_00300,5
SMP_valid_00301,5
SMP_valid_00302,5
SMP_valid_00303,8
SMP_valid_00304,8
SMP_valid_00305,8
SMP_valid_00306,15
SMP_valid_00307,6
SMP_valid_00308,7
SMP_valid_00309,7
SMP_valid_00310,14
SMP_valid_00311,7
SMP_valid_00312,14
SMP_valid_00313,15
SMP_valid_00314,8
SMP_valid_00315,14
SMP_valid_00316,9
SMP_valid_00317,7
SMP_valid_00318,9
SMP_valid_00319,17
SMP_valid_00320,11
SMP_valid_00321,14
SMP_valid_00322,15
SMP_valid_00323,16
SMP_valid_00324,14
SMP_valid_00325,13
SMP_valid_00326,13
SMP_valid_00327,21
SMP_valid_00328,13
SMP_valid_00329,17
SMP_valid_00330,9
SMP_valid_00331,11
SMP_valid_00332,9
SMP_valid_00333,17
SMP_valid_00334,10
SMP_valid_00335,22
SMP_valid_00336,22
SMP_valid_00337,8
SMP_valid_00338,9
SMP_valid_00339,12
SMP_valid_00340,9
SMP_valid_00341,14
SMP_valid_00342,13
SMP_valid_00343,11
SMP_valid_00344,12
SMP_valid_00345,8
SMP_valid_00346,10
SMP_valid_00347,8
SMP_valid_00348,8
SMP_valid_00349,14
SMP_valid_00350,17
SMP_valid_00351,13
SMP_valid_00352,11
SMP_valid_00353,9
SMP_valid_00354,12
SMP_valid_00355,8
SMP_valid_00356,13
SMP_valid_00357,9
SMP_valid_00358,12
SMP_valid_00359,10
SMP_valid_00360,10
SMP_valid_00361,2
SMP_valid_00362,8
SMP_valid_00363,8
SMP_valid_00364,16
SMP_valid_00365,14
SMP_valid_00366,12
SMP_valid_00367,7
SMP_valid_00368,8
SMP_valid_00369,7
SMP_valid_00370,7
SMP_valid_00371,9
SMP_valid_00372,9
SMP_valid_00373,3
SMP_valid_00374,7
SMP_valid_00375,8
SMP_valid_00376,11
SMP_valid_00377,4
SMP_valid_00378,4
SMP_valid_00379,2
SMP_valid_00380,5
SMP_valid_00381,8
SMP_valid_00382,9
SMP_valid_00383,3
SMP_valid_00384,6
SMP_valid_00385,8
SMP_valid_00386,24
SMP_valid_00387,9
SMP_valid_00388,13
SMP_valid_00389,11
SMP_valid_00390,9
SMP_valid_00391,11
SMP_valid_00392,10
SMP_valid_00393,13
SMP_valid_00394,5
SMP_valid_00395,16
SMP_valid_00396,12
SMP_valid_00397,7
SMP_valid_00398,5
SMP_valid_00399,8
SMP_valid_00400,7
SMP_valid_00401,7
SMP_valid_00402,11
SMP_valid_00403,12
SMP_valid_00404,8
SMP_valid_00405,18
SMP_valid_00406,5
SMP_valid_00407,6
SMP_valid_00408,5
SMP_valid_00409,9
SMP_valid_00410,12
SMP_valid_00411,9
SMP_valid_00412,6
SMP_valid_00413,8
SMP_valid_00414,17
SMP_valid_00415,9
SMP_valid_00416,11
SMP_valid_00417,21
SMP_valid_00418,10
SMP_valid_00419,9
SMP_valid_00420,8
SMP_valid_00421,14
SMP_valid_00422,5
SMP_valid_00423,8
SMP_valid_00424,9
SMP_valid_00425,14
SMP_valid_00426,7
SMP_valid_00427,11
SMP_valid_00428,12
SMP_valid_00429,6
SMP_valid_00430,6
SMP_valid_00431,6
SMP_valid_00432,6
SMP_valid_00433,12
SMP_valid_00434,24
SMP_valid_00435,6
SMP_valid_00436,7
SMP_valid_00437,11
SMP_valid_00438,11
SMP_valid_00439,6
SMP_valid_00440,6
SMP_valid_00441,9
SMP_valid_00442,6
SMP_valid_00443,13
SMP_valid_00444,20
SMP_valid_00445,7
SMP_valid_00446,10
SMP_valid_00447,8
SMP_valid_00448,8
SMP_valid_00449,6
SMP_valid_00450,14
SMP_valid_00451,5
SMP_valid_00452,8
SMP_valid_00453,9
SMP_valid_00454,7
SMP_valid_00455,7
SMP_valid_00456,9
SMP_valid_00457,7
SMP_valid_00458,8
SMP_valid_00459,10
SMP_valid_00460,9
SMP_valid_00461,5
SMP_valid_00462,9
SMP_valid_00463,11
SMP_valid_00464,8
SMP_valid_00465,5
SMP_valid_00466,6
SMP_valid_00467,5
SMP_valid_00468,7
SMP_valid_00469,5
SMP_valid_00470,14
SMP_valid_00471,7
SMP_valid_00472,6
SMP_valid_00473,5
SMP_valid_00474,8
SMP_valid_00475,7
SMP_valid_00476,5
SMP_valid_00477,8
SMP_valid_00478,10
SMP_valid_00479,12
SMP_valid_00480,7
SMP_valid_00481,6
SMP_valid_00482,14
SMP_valid_00483,11
SMP_valid_00484,12
SMP_valid_00485,6
SMP_valid_00486,12
SMP_valid_00487,7
SMP_valid_00488,10
SMP_valid_00489,8
SMP_valid_00490,9
SMP_valid_00491,9
SMP_valid_00492,6
SMP_valid_00493,9
SMP_valid_00494,11
SMP_valid_00495,7
SMP_valid_00496,10
SMP_valid_00497,8
SMP_valid_00498,8
SMP_valid_00499,7
SMP_valid_00500,10
SMP_valid_00501,12
SMP_valid_00502,6
SMP_valid_00503,7
SMP_valid_00504,10
SMP_valid_00505,5
SMP_valid_00506,9
SMP_valid_00507,8
SMP_valid_00508,9
SMP_valid_00509,13
SMP_valid_00510,4
SMP_valid_00511,10
SMP_valid_00512,13
SMP_valid_00513,8
SMP_valid_00514,12
SMP_valid_00515,12
SMP_valid_00516,7
SMP_valid_00517,11
SMP_valid_00518,10
SMP_valid_00519,11
SMP_valid_00520,9
SMP_valid_00521,7
SMP_valid_00522,12
SMP_valid_00523,8
SMP_valid_00524,8
SMP_valid_00525,4
SMP_valid_00526,10
SMP_valid_00527,7
SMP_valid_00528,8
SMP_valid_00529,12
SMP_valid_00530,20
SMP_valid_00531,20
SMP_valid_00532,7
SMP_valid_00533,18
SMP_valid_00534,21
SMP_valid_00535,7
SMP_valid_00536,9
SMP_valid_00537,9
SMP_valid_00538,11
SMP_valid_00539,9
SMP_valid_00540,8
SMP_valid_00541,11
SMP_valid_00542,8
SMP_valid_00543,9
SMP_valid_00544,8
SMP_valid_00545,8
SMP_valid_00546,7
SMP_valid_00547,5
SMP_valid_00548,8
SMP_valid_00549,11
SMP_valid_00550,9
SMP_valid_00551,10
SMP_valid_00552,11
SMP_valid_00553,8
SMP_valid_00554,10
SMP_valid_00555,5
SMP_valid_00556,9
SMP_valid_00557,9
SMP_valid_00558,6
SMP_valid_00559,6
SMP_valid_00560,6
SMP_valid_00561,10
SMP_valid_00562,9
SMP_valid_00563,2
SMP_valid_00564,15
SMP_valid_00565,7
SMP_valid_00566,7
SMP_valid_00567,4
SMP_valid_00568,11
SMP_valid_00569,9
SMP_valid_00570,9
SMP_valid_00571,11
SMP_valid_00572,8
SMP_valid_00573,9
SMP_valid_00574,8
SMP_valid_00575,9
SMP_valid_00576,7
SMP_valid_00577,9
SMP_valid_00578,6
SMP_valid_00579,10
SMP_valid_00580,9
SMP_valid_00581,11
SMP_valid_00582,13
SMP_valid_00583,4
SMP_valid_00584,9
SMP_valid_00585,7
SMP_valid_00586,13
SMP_valid_00587,6
SMP_valid_00588,6
SMP_valid_00589,5
SMP_valid_00590,8
SMP_valid_00591,7
SMP_valid_00592,11
SMP_valid_00593,4
SMP_valid_00594,6
SMP_valid_00595,15
SMP_valid_00596,6
SMP_valid_00597,6
SMP_valid_00598,7
SMP_valid_00599,7
SMP_valid_00600,5
SMP_valid_00601,14
SMP_valid_00602,11
SMP_valid_00603,11
SMP_valid_00604,14
SMP_valid_00605,10
SMP_valid_00606,13
SMP_valid_00607,14
SMP_valid_00608,13
SMP_valid_00609,12
SMP_valid_00610,11
SMP_valid_00611,10
SMP_valid_00612,8
SMP_valid_00613,12
SMP_valid_00614,13
SMP_valid_00615,9
SMP_valid_00616,12
SMP_valid_00617,10
SMP_valid_00618,9
SMP_valid_00619,11
SMP_valid_00620,16
SMP_valid_00621,17
SMP_valid_00622,11
SMP_valid_00623,10
SMP_valid_00624,6
SMP_valid_00625,10
SMP_valid_00626,10
SMP_valid_00627,11
SMP_valid_00628,6
SMP_valid_00629,4
SMP_valid_00630,10
SMP_valid_00631,7
SMP_valid_00632,12
SMP_valid_00633,7
SMP_valid_00634,12
SMP_valid_00635,12
SMP_valid_00636,18
SMP_valid_00637,7
SMP_valid_00638,13
SMP_valid_00639,9
SMP_valid_00640,10
SMP_valid_00641,4
SMP_valid_00642,5
SMP_valid_00643,7
SMP_valid_00644,6
SMP_valid_00645,8
SMP_valid_00646,14
SMP_valid_00647,8
SMP_valid_00648,5
SMP_valid_00649,3
SMP_valid_00650,6
SMP_valid_00651,10
SMP_valid_00652,7
SMP_valid_00653,4
SMP_valid_00654,3
SMP_valid_00655,6
SMP_valid_00656,7
SMP_valid_00657,12
SMP_valid_00658,5
SMP_valid_00659,9
SMP_valid_00660,11
SMP_valid_00661,4
SMP_valid_00662,5
SMP_valid_00663,5
SMP_valid_00664,6
SMP_valid_00665,6
SMP_valid_00666,7
SMP_valid_00667,5
SMP_valid_00668,6
SMP_valid_00669,4
SMP_valid_00670,6
SMP_valid_00671,11
SMP_valid_00672,13
SMP_valid_00673,6
SMP_valid_00674,7
SMP_valid_00675,7
SMP_valid_00676,9
SMP_valid_00677,8
SMP_valid_00678,4
SMP_valid_00679,5
SMP_valid_00680,6
SMP_valid_00681,4
SMP_valid_00682,6
SMP_valid_00683,7
SMP_valid_00684,9
SMP_valid_00685,5
SMP_valid_00686,4
SMP_valid_00687,3
SMP_valid_00688,8
SMP_valid_00689,15
SMP_valid_00690,6
SMP_valid_00691,6
SMP_valid_00692,3
SMP_valid_00693,5
SMP_valid_00694,11
SMP_valid_00695,13
SMP_valid_00696,7
SMP_valid_00697,5
SMP_valid_00698,5
SMP_valid_00699,7
SMP_valid_00700,10
SMP_valid_00701,4
SMP_valid_00702,11
SMP_valid_00703,7
SMP_valid_00704,5
SMP_valid_00705,17
SMP_valid_00706,6
SMP_valid_00707,4
SMP_valid_00708,3
SMP_valid_00709,6
SMP_valid_00710,3
SMP_valid_00711,8
SMP_valid_00712,6
SMP_valid_00713,5
SMP_valid_00714,4
SMP_valid_00715,6
SMP_valid_00716,5
SMP_valid_00717,4
SMP_valid_00718,10
SMP_valid_00719,7
SMP_valid_00720,4
SMP_valid_00721,6
SMP_valid_00722,7
SMP_valid_00723,9
SMP_valid_00724,6
SMP_valid_00725,4
SMP_valid_00726,4
SMP_valid_00727,4
SMP_valid_00728,8
SMP_valid_00729,9
SMP_valid_00730,4
SMP_valid_00731,8
SMP_valid_00732,10
SMP_valid_00733,6
SMP_valid_00734,9
SMP_valid_00735,8
SMP_valid_00736,6
SMP_valid_00737,7
SMP_valid_00738,7
SMP_valid_00739,7
SMP_valid_00740,9
SMP_valid_00741,9
SMP_valid_00742,6
SMP_valid_00743,8
SMP_valid_00744,4
SMP_valid_00745,7
SMP_valid_00746,9
SMP_valid_00747,9
SMP_valid_00748,5
SMP_valid_00749,9
SMP_valid_00750,9
SMP_valid_00751,11
SMP_valid_00752,5
SMP_valid_00753,6
SMP_valid_00754,7
SMP_valid_00755,6
SMP_valid_00756,8
SMP_valid_00757,6
SMP_valid_00758,19
SMP_valid_00759,7
SMP_valid_00760,9
SMP_valid_00761,13
SMP_valid_00762,10
SMP_valid_00763,5
SMP_valid_00764,7
SMP_valid_00765,8
SMP_valid_00766,4
SMP_valid_00767,5
SMP_valid_00768,4
SMP_valid_00769,3
SMP_valid_00770,7
SMP_test_00001,7
SMP_test_00002,7
SMP_test_00003,7
SMP_test_00004,5
SMP_test_00005,4
SMP_test_00006,7
SMP_test_00007,6
SMP_test_00008,4
SMP_test_00009,6
SMP_test_00010,2
SMP_test_00011,6
SMP_test_00012,5
SMP_test_00013,9
SMP_test_00014,5
SMP_test_00015,10
SMP_test_00016,6
SMP_test_00017,6
SMP_test_00018,4
SMP_test_00019,9
SMP_test_00020,10
SMP_test_00021,10
SMP_test_00022,10
SMP_test_00023,10
SMP_test_00024,14
SMP_test_00025,9
SMP_test_00026,14
SMP_test_00027,8
SMP_test_00028,10
SMP_test_00029,6
SMP_test_00030,9
SMP_test_00031,12
SMP_test_00032,3
SMP_test_00033,9
SMP_test_00034,21
SMP_test_00035,5
SMP_test_00036,11
SMP_test_00037,8
SMP_test_00038,6
SMP_test_00039,6
SMP_test_00040,5
SMP_test_00041,7
SMP_test_00042,6
SMP_test_00043,7
SMP_test_00044,7
SMP_test_00045,6
SMP_test_00046,3
SMP_test_00047,5
SMP_test_00048,6
SMP_test_00049,9
SMP_test_00050,7
SMP_test_00051,4
SMP_test_00052,6
SMP_test_00053,11
SMP_test_00054,7
SMP_test_00055,4
SMP_test_00056,6
SMP_test_00057,7
SMP_test_00058,4
SMP_test_00059,7
SMP_test_00060,11
SMP_test_00061,13
SMP_test_00062,4
SMP_test_00063,6
SMP_test_00064,5
SMP_test_00065,6
SMP_test_00066,6
SMP_test_00067,8
SMP_test_00068,2
SMP_test_00069,11
SMP_test_00070,6
SMP_test_00071,6
SMP_test_00072,10
SMP_test_00073,11
SMP_test_00074,9
SMP_test_00075,11
SMP_test_00076,15
SMP_test_00077,7
SMP_test_00078,5
SMP_test_00079,3
SMP_test_00080,10
SMP_test_00081,5
SMP_test_00082,7
SMP_test_00083,6
SMP_test_00084,5
SMP_test_00085,11
SMP_test_00086,13
SMP_test_00087,12
SMP_test_00088,12
SMP_test_00089,8
SMP_test_00090,16
SMP_test_00091,10
SMP_test_00092,14
SMP_test_00093,15
SMP_test_00094,15
SMP_test_00095,10
SMP_test_00096,12
SMP_test_00097,12
SMP_test_00098,11
SMP_test_00099,5
SMP_test_00100,18
SMP_test_00101,10
SMP_test_00102,26
SMP_test_00103,21
SMP_test_00104,4
SMP_test_00105,9
SMP_test_00106,7
SMP_test_00107,9
SMP_test_00108,6
SMP_test_00109,7
SMP_test_00110,13
SMP_test_00111,11
SMP_test_00112,5
SMP_test_00113,7
SMP_test_00114,9
SMP_test_00115,7
SMP_test_00116,7
SMP_test_00117,6
SMP_test_00118,5
SMP_test_00119,7
SMP_test_00120,8
SMP_test_00121,6
SMP_test_00122,7
SMP_test_00123,6
SMP_test_00124,11
SMP_test_00125,4
SMP_test_00126,7
SMP_test_00127,8
SMP_test_00128,6
SMP_test_00129,8
SMP_test_00130,8
SMP_test_00131,4
SMP_test_00132,9
SMP_test_00133,9
SMP_test_00134,10
SMP_test_00135,7
SMP_test_00136,10
SMP_test_00137,5
SMP_test_00138,7
SMP_test_00139,9
SMP_test_00140,8
SMP_test_00141,9
SMP_test_00142,9
SMP_test_00143,6
SMP_test_00144,12
SMP_test_00145,8
SMP_test_00146,4
SMP_test_00147,8
SMP_test_00148,7
SMP_test_00149,8
SMP_test_00150,7
SMP_test_00151,7
SMP_test_00152,9
SMP_test_00153,7
SMP_test_00154,9
SMP_test_00155,9
SMP_test_00156,7
SMP_test_00157,7
SMP_test_00158,6
SMP_test_00159,5
SMP_test_00160,10
SMP_test_00161,9
SMP_test_00162,8
SMP_test_00163,10
SMP_test_00164,7
SMP_test_00165,12
SMP_test_00166,9
SMP_test_00167,2
SMP_test_00168,7
SMP_test_00169,8
SMP_test_00170,6
SMP_test_00171,5
SMP_test_00172,8
SMP_test_00173,7
SMP_test_00174,4
SMP_test_00175,7
SMP_test_00176,6
SMP_test_00177,12
SMP_test_00178,11
SMP_test_00179,3
SMP_test_00180,7
SMP_test_00181,4
SMP_test_00182,7
SMP_test_00183,8
SMP_test_00184,6
SMP_test_00185,9
SMP_test_00186,9
SMP_test_00187,8
SMP_test_00188,8
SMP_test_00189,13
SMP_test_00190,7
SMP_test_00191,7
SMP_test_00192,8
SMP_test_00193,12
SMP_test_00194,10
SMP_test_00195,11
SMP_test_00196,10
SMP_test_00197,14
SMP_test_00198,8
SMP_test_00199,3
SMP_test_00200,7
SMP_test_00201,8
SMP_test_00202,3
SMP_test_00203,7
SMP_test_00204,6
SMP_test_00205,6
SMP_test_00206,4
SMP_test_00207,7
SMP_test_00208,8
SMP_test_00209,9
SMP_test_00210,9
SMP_test_00211,9
SMP_test_00212,9
SMP_test_00213,9
SMP_test_00214,17
SMP_test_00215,7
SMP_test_00216,9
SMP_test_00217,10
SMP_test_00218,14
SMP_test_00219,7
SMP_test_00220,15
SMP_test_00221,12
SMP_test_00222,8
SMP_test_00223,12
SMP_test_00224,10
SMP_test_00225,10
SMP_test_00226,14
SMP_test_00227,10
SMP_test_00228,11
SMP_test_00229,10
SMP_test_00230,11
SMP_test_00231,10
SMP_test_00232,11
SMP_test_00233,8
SMP_test_00234,11
SMP_test_00235,12
SMP_test_00236,12
SMP_test_00237,11
SMP_test_00238,9
SMP_test_00239,17
SMP_test_00240,10
SMP_test_00241,10
SMP_test_00242,13
SMP_test_00243,13
SMP_test_00244,8
SMP_test_00245,9
SMP_test_00246,15
SMP_test_00247,8
SMP_test_00248,12
SMP_test_00249,17
SMP_test_00250,13
SMP_test_00251,10
SMP_test_00252,7
SMP_test_00253,11
SMP_test_00254,10
SMP_test_00255,11
SMP_test_00256,11
SMP_test_00257,8
SMP_test_00258,11
SMP_test_00259,11
SMP_test_00260,13
SMP_test_00261,10
SMP_test_00262,10
SMP_test_00263,24
SMP_test_00264,10
SMP_test_00265,3
SMP_test_00266,6
SMP_test_00267,3
SMP_test_00268,4
SMP_test_00269,4
SMP_test_00270,7
SMP_test_00271,6
SMP_test_00272,7
SMP_test_00273,6
SMP_test_00274,10
SMP_test_00275,13
SMP_test_00276,7
SMP_test_00277,6
SMP_test_00278,7
SMP_test_00279,15
SMP_test_00280,6
SMP_test_00281,5
SMP_test_00282,8
SMP_test_00283,16
SMP_test_00284,14
SMP_test_00285,12
SMP_test_00286,10
SMP_test_00287,10
SMP_test_00288,8
SMP_test_00289,7
SMP_test_00290,10
SMP_test_00291,4
SMP_test_00292,7
SMP_test_00293,15
SMP_test_00294,6
SMP_test_00295,10
SMP_test_00296,5
SMP_test_00297,9
SMP_test_00298,8
SMP_test_00299,8
SMP_test_00300,11
SMP_test_00301,5
SMP_test_00302,5
SMP_test_00303,5
SMP_test_00304,9
SMP_test_00305,8
SMP_test_00306,7
SMP_test_00307,7
SMP_test_00308,8
SMP_test_00309,6
SMP_test_00310,6
SMP_test_00311,9
SMP_test_00312,11
SMP_test_00313,5
SMP_test_00314,12
SMP_test_00315,9
SMP_test_00316,20
SMP_test_00317,7
SMP_test_00318,5
SMP_test_00319,12
SMP_test_00320,8
SMP_test_00321,8
SMP_test_00322,6
SMP_test_00323,8
SMP_test_00324,6
SMP_test_00325,6
SMP_test_00326,20
SMP_test_00327,8
SMP_test_00328,13
SMP_test_00329,7
SMP_test_00330,4
SMP_test_00331,6
SMP_test_00332,5
SMP_test_00333,6
SMP_test_00334,7
SMP_test_00335,6
SMP_test_00336,6
SMP_test_00337,7
SMP_test_00338,5
SMP_test_00339,14
SMP_test_00340,19
SMP_test_00341,7
SMP_test_00342,13
SMP_test_00343,8
SMP_test_00344,10
SMP_test_00345,9
SMP_test_00346,5
SMP_test_00347,5
SMP_test_00348,11
SMP_test_00349,10
SMP_test_00350,12
SMP_test_00351,7
SMP_test_00352,13
SMP_test_00353,7
SMP_test_00354,7
SMP_test_00355,6
SMP_test_00356,6
SMP_test_00357,11
SMP_test_00358,5
SMP_test_00359,6
SMP_test_00360,8
SMP_test_00361,13
SMP_test_00362,8
SMP_test_00363,5
SMP_test_00364,8
SMP_test_00365,6
SMP_test_00366,8
SMP_test_00367,11
SMP_test_00368,4
SMP_test_00369,9
SMP_test_00370,10
SMP_test_00371,9
SMP_test_00372,6
SMP_test_00373,11
SMP_test_00374,6
SMP_test_00375,8
SMP_test_00376,4
SMP_test_00377,9
SMP_test_00378,10
SMP_test_00379,7
SMP_test_00380,5
SMP_test_00381,7
SMP_test_00382,7
SMP_test_00383,6
SMP_test_00384,12
SMP_test_00385,13
SMP_test_00386,11
SMP_test_00387,6
SMP_test_00388,9
SMP_test_00389,10
SMP_test_00390,9
SMP_test_00391,10
SMP_test_00392,9
SMP_test_00393,8
SMP_test_00394,5
SMP_test_00395,11
SMP_test_00396,6
SMP_test_00397,7
SMP_test_00398,8
SMP_test_00399,7
SMP_test_00400,6
SMP_test_00401,11
SMP_test_00402,5
SMP_test_00403,9
SMP_test_00404,9
SMP_test_00405,10
SMP_test_00406,10
SMP_test_00407,13
SMP_test_00408,5
SMP_test_00409,14
SMP_test_00410,9
SMP_test_00411,5
SMP_test_00412,9
SMP_test_00413,11
SMP_test_00414,15
SMP_test_00415,8
SMP_test_00416,12
SMP_test_00417,10
SMP_test_00418,7
SMP_test_00419,11
SMP_test_00420,8
SMP_test_00421,6
SMP_test_00422,13
SMP_test_00423,7
SMP_test_00424,14
SMP_test_00425,9
SMP_test_00426,9
SMP_test_00427,20
SMP_test_00428,14
SMP_test_00429,20
SMP_test_00430,18
SMP_test_00431,9
SMP_test_00432,9
SMP_test_00433,9
SMP_test_00434,7
SMP_test_00435,7
SMP_test_00436,9
SMP_test_00437,6
SMP_test_00438,8
SMP_test_00439,10
SMP_test_00440,8
SMP_test_00441,11
SMP_test_00442,7
SMP_test_00443,6
SMP_test_00444,9
SMP_test_00445,10
SMP_test_00446,18
SMP_test_00447,6
SMP_test_00448,8
SMP_test_00449,2
SMP_test_00450,7
SMP_test_00451,8
SMP_test_00452,10
SMP_test_00453,13
SMP_test_00454,11
SMP_test_00455,6
SMP_test_00456,9
SMP_test_00457,10
SMP_test_00458,11
SMP_test_00459,8
SMP_test_00460,9
SMP_test_00461,5
SMP_test_00462,11
SMP_test_00463,5
SMP_test_00464,4
SMP_test_00465,11
SMP_test_00466,6
SMP_test_00467,7
SMP_test_00468,2
SMP_test_00469,8
SMP_test_00470,9
SMP_test_00471,12
SMP_test_00472,7
SMP_test_00473,9
SMP_test_00474,8
SMP_test_00475,8
SMP_test_00476,13
SMP_test_00477,8
SMP_test_00478,11
SMP_test_00479,7
SMP_test_00480,7
SMP_test_00481,7
SMP_test_00482,4
SMP_test_00483,10
SMP_test_00484,4
SMP_test_00485,7
SMP_test_00486,6
SMP_test_00487,7
SMP_test_00488,7
SMP_test_00489,4
SMP_test_00490,6
SMP_test_00491,7
SMP_test_00492,6
SMP_test_00493,7
SMP_test_00494,5
SMP_test_00495,6
SMP_test_00496,6
SMP_test_00497,5
SMP_test_00498,7
SMP_test_00499,6
SMP_test_00500,9
SMP_test_00501,9
SMP_test_00502,15
SMP_test_00503,10
SMP_test_00504,7
SMP_test_00505,8
SMP_test_00506,10
SMP_test_00507,11
SMP_test_00508,12
SMP_test_00509,12
SMP_test_00510,9
SMP_test_00511,14
SMP_test_00512,6
SMP_test_00513,11
SMP_test_00514,12
SMP_test_00515,14
SMP_test_00516,12
SMP_test_00517,8
SMP_test_00518,8
SMP_test_00519,10
SMP_test_00520,8
SMP_test_00521,8
SMP_test_00522,9
SMP_test_00523,12
SMP_test_00524,11
SMP_test_00525,7
SMP_test_00526,7
SMP_test_00527,11
SMP_test_00528,13
SMP_test_00529,8
SMP_test_00530,8
SMP_test_00531,8
SMP_test_00532,7
SMP_test_00533,5
SMP_test_00534,8
SMP_test_00535,13
SMP_test_00536,8
SMP_test_00537,8
SMP_test_00538,6
SMP_test_00539,12
SMP_test_00540,10
SMP_test_00541,9
SMP_test_00542,10
SMP_test_00543,5
SMP_test_00544,6
SMP_test_00545,7
SMP_test_00546,8
SMP_test_00547,12
SMP_test_00548,7
SMP_test_00549,10
SMP_test_00550,6
SMP_test_00551,2
SMP_test_00552,8
SMP_test_00553,9
SMP_test_00554,5
SMP_test_00555,8
SMP_test_00556,8
SMP_test_00557,4
SMP_test_00558,4
SMP_test_00559,7
SMP_test_00560,4
SMP_test_00561,7
SMP_test_00562,4
SMP_test_00563,4
SMP_test_00564,5
SMP_test_00565,9
SMP_test_00566,4
SMP_test_00567,4
SMP_test_00568,9
SMP_test_00569,6
SMP_test_00570,7
SMP_test_00571,4
SMP_test_00572,10
SMP_test_00573,4
SMP_test_00574,2
SMP_test_00575,7
SMP_test_00576,6
SMP_test_00577,4
SMP_test_00578,11
SMP_test_00579,4
SMP_test_00580,8
SMP_test_00581,5
SMP_test_00582,4
SMP_test_00583,11
SMP_test_00584,3
SMP_test_00585,2
SMP_test_00586,13
SMP_test_00587,12
SMP_test_00588,4
SMP_test_00589,5
SMP_test_00590,6
SMP_test_00591,9
SMP_test_00592,9
SMP_test_00593,12
SMP_test_00594,4
SMP_test_00595,6
SMP_test_00596,4
SMP_test_00597,10
SMP_test_00598,12
SMP_test_00599,4
SMP_test_00600,8
SMP_test_00601,5
SMP_test_00602,9
SMP_test_00603,6
SMP_test_00604,4
SMP_test_00605,5
SMP_test_00606,8
SMP_test_00607,6
SMP_test_00608,5
SMP_test_00609,7
SMP_test_00610,16
SMP_test_00611,4
SMP_test_00612,4
SMP_test_00613,8
SMP_test_00614,7
SMP_test_00615,6
SMP_test_00616,3
SMP_test_00617,12
SMP_test_00618,7
SMP_test_00619,6
SMP_test_00620,7
SMP_test_00621,17
SMP_test_00622,7
SMP_test_00623,9
SMP_test_00624,4
SMP_test_00625,10
SMP_test_00626,8
SMP_test_00627,3
SMP_test_00628,4
SMP_test_00629,5
SMP_test_00630,11
SMP_test_00631,6
SMP_test_00632,7
SMP_test_00633,8
SMP_test_00634,4
SMP_test_00635,13
SMP_test_00636,5
SMP_test_00637,7
SMP_test_00638,4
SMP_test_00639,5
SMP_test_00640,10
SMP_test_00641,5
SMP_test_00642,5
SMP_test_00643,11
SMP_test_00644,6
SMP_test_00645,6
SMP_test_00646,9
SMP_test_00647,4
SMP_test_00648,10
SMP_test_00649,4
SMP_test_00650,10
SMP_test_00651,5
SMP_test_00652,4
SMP_test_00653,11
SMP_test_00654,6
SMP_test_00655,7
SMP_test_00656,6
SMP_test_00657,8
SMP_test_00658,12
SMP_test_00659,7
SMP_test_00660,8
SMP_test_00661,8
SMP_test_00662,14
SMP_test_00663,5
SMP_test_00664,8
SMP_test_00665,9
SMP_test_00666,7
SMP_test_00667,7
