ticket_id,text,label,split
SMP_train_00001,打开熊猫看书,app,train
SMP_train_00002,opera浏览器,app,train
SMP_train_00003,钛备份,app,train
SMP_train_00004,打开sky电话,app,train
SMP_train_00005,帮我找菜单,app,train
SMP_train_00006,找愤怒的小鸟,app,train
SMP_train_00007,正韵打开相机,app,train
SMP_train_00008,我把相机打开,app,train
SMP_train_00009,上QQ我,app,train
SMP_train_00010,打开uc浏览器v八,app,train
SMP_train_00011,搜索QQ,app,train
SMP_train_00012,打开qq登陆到聊天模式,app,train
SMP_train_00013,打开个性闹钟,app,train
SMP_train_00014,国际象棋开局,app,train
SMP_train_00015,打开uc浏览器登录新浪网主页,app,train
SMP_train_00016,搜索声控安卓软件,app,train
SMP_train_00017,查找通讯录,app,train
SMP_train_00018,打开天天动听播放站你名下,app,train
SMP_train_00019,瓷我要上QQ,app,train
SMP_train_00020,搜索游戏,app,train
SMP_train_00021,搜索机锋市场,app,train
SMP_train_00022,进入设置菜单,app,train
SMP_train_00023,打开应用程序钱包,app,train
SMP_train_00024,赶集,app,train
SMP_train_00025,我想上qq了,app,train
SMP_train_00026,音乐播放器,app,train
SMP_train_00027,金山词霸,app,train
SMP_train_00028,下载飞信,app,train
SMP_train_00029,嗯打开相机,app,train
SMP_train_00030,搜狗,app,train
SMP_train_00031,打开uc浏览器,app,train
SMP_train_00032,打开qq找杨佳艺,app,train
SMP_train_00033,百度百科,app,train
SMP_train_00034,帮我打开电话本,app,train
SMP_train_00035,打开会说话的汤姆猫,app,train
SMP_train_00036,搜索京东商城,app,train
SMP_train_00037,打开酷狗并随机播放,app,train
SMP_train_00038,打开天天动听并开始播放音乐,app,train
SMP_train_00039,酷狗音乐盒,app,train
SMP_train_00040,打开手机QQ恩,app,train
SMP_train_00041,把我打开UC浏览器,app,train
SMP_train_00042,打开应用漫画,app,train
SMP_train_00043,启动qq浏览器,app,train
SMP_train_00044,打开系统软件清理,app,train
SMP_train_00045,把uc打开啊,app,train
SMP_train_00046,打开相机我想你,app,train
SMP_train_00047,开启通讯录,app,train
SMP_train_00048,有道词典,app,train
SMP_train_00049,帮我开捕鱼达人,app,train
SMP_train_00050,打开搜狐微博,app,train
SMP_train_00051,打开语音软件,app,train
SMP_train_00052,下载汉化软件,app,train
SMP_train_00053,搜索结束软件,app,train
SMP_train_00054,怎么坐车去广州？,bus,train
SMP_train_00055,从西安到石嘴山的汽车票。,bus,train
SMP_train_00056,在菏泽怎么坐去北京的车。,bus,train
SMP_train_00057,查看济南到东营的，汽车。,bus,train
SMP_train_00058,宁波到杭州的汽车,bus,train
SMP_train_00059,上海回合肥怎么坐汽车,bus,train
SMP_train_00060,宁波到岳阳的汽车。,bus,train
SMP_train_00061,从合肥到上海可以到哪坐车？,bus,train
SMP_train_00062,太原到广州的车。,bus,train
SMP_train_00063,合肥到上海可以到哪坐车？,bus,train
SMP_train_00064,长沙到怀化的汽车。,bus,train
SMP_train_00065,从温州到西安的汽车。,bus,train
SMP_train_00066,上海到合肥怎么坐汽车？,bus,train
SMP_train_00067,从中山到西安的汽车。,bus,train
SMP_train_00068,九江到景德镇的汽车。,bus,train
SMP_train_00069,从聊城到东营的车。,bus,train
SMP_train_00070,吉林到大连的车。,bus,train
SMP_train_00071,昭通到南昌的汽车。,bus,train
SMP_train_00072,查一下运城到临汾的汽车。,bus,train
SMP_train_00073,从杭州到黄山的汽车。,bus,train
SMP_train_00074,温州到上海的车。,bus,train
SMP_train_00075,上海到合肥可以到哪坐车,bus,train
SMP_train_00076,济南去聊城的汽车。,bus,train
SMP_train_00077,请查询天津市到哈尔滨的车。,bus,train
SMP_train_00078,3的平方除以2的立方的商的倒数,calc,train
SMP_train_00079,5的平方与3的3次方的和是多少,calc,train
SMP_train_00080,2的2次方,calc,train
SMP_train_00081,45的三次方,calc,train
SMP_train_00082,15加上2的平方,calc,train
SMP_train_00083,123和34的和等于多少,calc,train
SMP_train_00084,你知不知道三十四加六十五等于多少,calc,train
SMP_train_00085,3的平方除以2的立方的商减去4的平方根的立方,calc,train
SMP_train_00086,6的平方,calc,train
SMP_train_00087,4乘6乘七再除以二,calc,train
SMP_train_00088,根号3是多少,calc,train
SMP_train_00089,根号76,calc,train
SMP_train_00090,3的平方除以2的立方的商等于多少,calc,train
SMP_train_00091,125的立方根,calc,train
SMP_train_00092,4的2次方根,calc,train
SMP_train_00093,54的立方再加上35,calc,train
SMP_train_00094,123和34的差等于多少,calc,train
SMP_train_00095,帮我算一算45的平方根,calc,train
SMP_train_00096,十二与32的积是多少,calc,train
SMP_train_00097,23减去根号4,calc,train
SMP_train_00098,2平方,calc,train
SMP_train_00099,根下25,calc,train
SMP_train_00100,4的平方根,calc,train
SMP_train_00101,45与53的差是多少,calc,train
SMP_train_00102,你好慢吗！,chat,train
SMP_train_00103,你睡午觉吗,chat,train
SMP_train_00104,可是我问你啥都听不懂啊,chat,train
SMP_train_00105,库里是不是傻,chat,train
SMP_train_00106,你觉得脚踏两只船怎么样,chat,train
SMP_train_00107,哎你在干啥呢,chat,train
SMP_train_00108,怎么分担,chat,train
SMP_train_00109,长了什么?,chat,train
SMP_train_00110,能想起我吗,chat,train
SMP_train_00111,卖啥呀,chat,train
SMP_train_00112,你会骂人么,chat,train
SMP_train_00113,你最近干嘛呢,chat,train
SMP_train_00114,对啊我也这么觉得,chat,train
SMP_train_00115,有什么钱,chat,train
SMP_train_00116,你不开心会做什么,chat,train
SMP_train_00117,你认识吗,chat,train
SMP_train_00118,哪年呀,chat,train
SMP_train_00119,怎么对,chat,train
SMP_train_00120,你还能做什么,chat,train
SMP_train_00121,你不是猪吗,chat,train
SMP_train_00122,你喜欢喝什么茶呀,chat,train
SMP_train_00123,你喜欢听什么歌曲,chat,train
SMP_train_00124,你开什么车,chat,train
SMP_train_00125,这是啥,chat,train
SMP_train_00126,能告诉我你的性别么,chat,train
SMP_train_00127,你端午节放假么,chat,train
SMP_train_00128,笨笨真的会聊天吗,chat,train
SMP_train_00129,我觉得什么,chat,train
SMP_train_00130,你和小冰有什么不一样,chat,train
SMP_train_00131,怎么调用QA,chat,train
SMP_train_00132,你说啥了,chat,train
SMP_train_00133,那我长什么样,chat,train
SMP_train_00134,你早上几点钟起床,chat,train
SMP_train_00135,你说啥呢好恶心,chat,train
SMP_train_00136,为什么你是机器人,chat,train
SMP_train_00137,你是微软小冰吗,chat,train
SMP_train_00138,你认识微软小冰吗,chat,train
SMP_train_00139,有啥好吃,chat,train
SMP_train_00140,怀化吃什么,chat,train
SMP_train_00141,林芝吃什么,chat,train
SMP_train_00142,喜欢男孩还是女孩,chat,train
SMP_train_00143,我看你还是不太行,chat,train
SMP_train_00144,干嘛去,chat,train
SMP_train_00145,谁跟你说没对象了,chat,train
SMP_train_00146,你喜欢吸毒吗,chat,train
SMP_train_00147,哪去,chat,train
SMP_train_00148,那你梦想是什么呢,chat,train
SMP_train_00149,什么跌了,chat,train
SMP_train_00150,什么新闻呢,chat,train
SMP_train_00151,我不确定具体啥时间去呢,chat,train
SMP_train_00152,你听说过这句名言吗,chat,train
SMP_train_00153,你们什么搞笑剧,chat,train
SMP_train_00154,出来约炮吗,chat,train
SMP_train_00155,你认识xx吗,chat,train
SMP_train_00156,你是不是爱上别人了,chat,train
SMP_train_00157,不怕啥,chat,train
SMP_train_00158,必须你说一句我说一句吗,chat,train
SMP_train_00159,你什么时候死,chat,train
SMP_train_00160,你这答复逻辑也是没谁了,chat,train
SMP_train_00161,这个新闻有意思吗,chat,train
SMP_train_00162,你读几年级了,chat,train
SMP_train_00163,你想他干嘛,chat,train
SMP_train_00164,准备好了吗？,chat,train
SMP_train_00165,笨笨为什么不叫聪聪,chat,train
SMP_train_00166,你去过赌场吗,chat,train
SMP_train_00167,这么有趣啊,chat,train
SMP_train_00168,你认识徐俊吗,chat,train
SMP_train_00169,哪里,chat,train
SMP_train_00170,海尔滨现在几度！,chat,train
SMP_train_00171,妈妈说了什么,chat,train
SMP_train_00172,你能识别语音吗,chat,train
SMP_train_00173,从哪回来,chat,train
SMP_train_00174,结婚了吗,chat,train
SMP_train_00175,谁在和你对话,chat,train
SMP_train_00176,你妹叫傻傻么,chat,train
SMP_train_00177,刘一佳是谁,chat,train
SMP_train_00178,王石的事你怎么看,chat,train
SMP_train_00179,巩捷甫是谁,chat,train
SMP_train_00180,要回应的这么贱么,chat,train
SMP_train_00181,我上课骂了学生怎么办,chat,train
SMP_train_00182,万里鹏是谁,chat,train
SMP_train_00183,我问你怎么走,chat,train
SMP_train_00184,是说我好吗我逗你玩儿,chat,train
SMP_train_00185,李亚丽的工作是什么,chat,train
SMP_train_00186,怎么看见的不可能,chat,train
SMP_train_00187,问问你做什么呢,chat,train
SMP_train_00188,我国是谁,chat,train
SMP_train_00189,管我什么事,chat,train
SMP_train_00190,长者也在吗,chat,train
SMP_train_00191,不多不要紧都会什么,chat,train
SMP_train_00192,宝宝你不是很小吗,chat,train
SMP_train_00193,你是不是看不懂啊,chat,train
SMP_train_00194,你在什么地方,chat,train
SMP_train_00195,白天干什么,chat,train
SMP_train_00196,午饭怎么办,chat,train
SMP_train_00197,谁美,chat,train
SMP_train_00198,你不喜欢哪个颜色,chat,train
SMP_train_00199,谁告你我的名字的,chat,train
SMP_train_00200,你有喜欢的人吗,chat,train
SMP_train_00201,你告诉我为什么,chat,train
SMP_train_00202,你也是什么,chat,train
SMP_train_00203,孔宁是不是傻逼,chat,train
SMP_train_00204,单个词是什么情况,chat,train
SMP_train_00205,是不是只要我说话你就说话,chat,train
SMP_train_00206,为什么欺负你,chat,train
SMP_train_00207,你再给我推荐几本书,chat,train
SMP_train_00208,爸爸妈妈你最喜欢谁,chat,train
SMP_train_00209,绿色的啥,chat,train
SMP_train_00210,怎么教你变聪明,chat,train
SMP_train_00211,为什么要想你,chat,train
SMP_train_00212,企鹅啥,chat,train
SMP_train_00213,有什么用呢,chat,train
SMP_train_00214,谁骂你,chat,train
SMP_train_00215,什么评论呀,chat,train
SMP_train_00216,什么理由,chat,train
SMP_train_00217,你知道我的名字吗,chat,train
SMP_train_00218,但还是很差,chat,train
SMP_train_00219,你明白什么,chat,train
SMP_train_00220,蛋糕好吃吗,chat,train
SMP_train_00221,你们好吗,chat,train
SMP_train_00222,你知道我几岁,chat,train
SMP_train_00223,你学什么的？,chat,train
SMP_train_00224,你是讲故事呢吗你是报幕呢吧,chat,train
SMP_train_00225,你是什么意思呀,chat,train
SMP_train_00226,现在在哪,chat,train
SMP_train_00227,谁写的你,chat,train
SMP_train_00228,知道么,chat,train
SMP_train_00229,哎，你还是没有上下文啊,chat,train
SMP_train_00230,汪意发是谁,chat,train
SMP_train_00231,你现在在哪,chat,train
SMP_train_00232,你的性格怎么样,chat,train
SMP_train_00233,你认识我吗,chat,train
SMP_train_00234,你认识siri吗,chat,train
SMP_train_00235,哪里找小姐,chat,train
SMP_train_00236,我去烟台有高铁吗,chat,train
SMP_train_00237,诗中共出现了几种颜色,chat,train
SMP_train_00238,你是医生吗,chat,train
SMP_train_00239,谁傻,chat,train
SMP_train_00240,你谈过吗,chat,train
SMP_train_00241,有什么好听的歌,chat,train
SMP_train_00242,你有什么梦想啊,chat,train
SMP_train_00243,太阳像个什么,chat,train
SMP_train_00244,微信是干啥的,chat,train
SMP_train_00245,你认识微软小冰么,chat,train
SMP_train_00246,跳的人我想要了吗,chat,train
SMP_train_00247,你有几个小妹妹,chat,train
SMP_train_00248,买几瓶,chat,train
SMP_train_00249,你有压力吗,chat,train
SMP_train_00250,你只会说这些吗,chat,train
SMP_train_00251,说说吗,chat,train
SMP_train_00252,你能分析上下文吗,chat,train
SMP_train_00253,什么零食,chat,train
SMP_train_00254,什么是色,chat,train
SMP_train_00255,哪个倒霉孩子给你起这个名儿,chat,train
SMP_train_00256,你会下象棋吗,chat,train
SMP_train_00257,你是好人吗,chat,train
SMP_train_00258,你除了喜欢我害羞的样子还喜欢我的什么呢,chat,train
SMP_train_00259,今天天气怎么,chat,train
SMP_train_00260,怎么不懂讲晚安呢,chat,train
SMP_train_00261,怎么操作,chat,train
SMP_train_00262,青蛙在做什么,chat,train
SMP_train_00263,再问一遍谁是最美的人,chat,train
SMP_train_00264,你不下去么,chat,train
SMP_train_00265,你就是你为什么会打字儿啊,chat,train
SMP_train_00266,啥时候长大啊,chat,train
SMP_train_00267,如果遇见狼呢小马还会让狼上车吗,chat,train
SMP_train_00268,天气怎么样,chat,train
SMP_train_00269,你好像没理解我我真的在倒时差有什么可以让我睡觉的方法么,chat,train
SMP_train_00270,你可以二十四小时陪我聊天吗,chat,train
SMP_train_00271,嗯我帮你啥,chat,train
SMP_train_00272,小雨像什么,chat,train
SMP_train_00273,你是男是女还是人妖,chat,train
SMP_train_00274,刚才你说你叫啥来着,chat,train
SMP_train_00275,你不是人吧我怎么觉得你是人呢,chat,train
SMP_train_00276,宝宝你这是在卖萌吗,chat,train
SMP_train_00277,还能聊点啥呢,chat,train
SMP_train_00278,哪里可爱了,chat,train
SMP_train_00279,色情暴力吗,chat,train
SMP_train_00280,怎么教你,chat,train
SMP_train_00281,你哪人啊,chat,train
SMP_train_00282,麻辣串应该是四川的吧不是哈尔滨的哈尔滨应该吃的是不胖葫芦吧对不对还是北京啊,chat,train
SMP_train_00283,嗨吃晚饭了吗,chat,train
SMP_train_00284,你有妹子吗,chat,train
SMP_train_00285,要怎么打你,chat,train
SMP_train_00286,哈哈哈干什么也想你到底是不是本,chat,train
SMP_train_00287,你平时吃什么,chat,train
SMP_train_00288,是不是有点长,chat,train
SMP_train_00289,can you speak English?,chat,train
SMP_train_00290,张思文是不是大美女,chat,train
SMP_train_00291,你好女儿这几天有空整理了一下日本她想去的地方麻烦看一下去这些地方大约几天是否可行报价多少非常感谢,chat,train
SMP_train_00292,水里有什么,chat,train
SMP_train_00293,汪进祥怎么样,chat,train
SMP_train_00294,这么夸张,chat,train
SMP_train_00295,爱我什么,chat,train
SMP_train_00296,我说什么,chat,train
SMP_train_00297,基哥喜欢我咋办,chat,train
SMP_train_00298,你喜欢有钱人吗,chat,train
SMP_train_00299,雨点怎么样,chat,train
SMP_train_00300,你知道谁是谢志伟吗,chat,train
SMP_train_00301,你会唱歌吗来一首,chat,train
SMP_train_00302,你早上一般几点起床,chat,train
SMP_train_00303,怎么这么多鸡汤,chat,train
SMP_train_00304,笨笨生气了吗,chat,train
SMP_train_00305,你爱吃吗,chat,train
SMP_train_00306,你叫什么啊,chat,train
SMP_train_00307,你知道水吗,chat,train
SMP_train_00308,我没去哪儿啊,chat,train
SMP_train_00309,我是你什么人,chat,train
SMP_train_00310,你家人有谁,chat,train
SMP_train_00311,喝酒吗,chat,train
SMP_train_00312,笨笨我不喜欢你这个名字你可以给自己换一个么,chat,train
SMP_train_00313,想去哪,chat,train
SMP_train_00314,小笨近来好吗,chat,train
SMP_train_00315,我美么,chat,train
SMP_train_00316,我说不怎么喜欢吃辣的,chat,train
SMP_train_00317,鸵鸟第一件宝贝是什么,chat,train
SMP_train_00318,我给你打电话行吗,chat,train
SMP_train_00319,这么严肃的事为什么好笑呢,chat,train
SMP_train_00320,768的女朋友是谁,chat,train
SMP_train_00321,可是我不喜欢你了两个亿你你一点也不忙啥子,chat,train
SMP_train_00322,天空什么颜色,chat,train
SMP_train_00323,我女儿想去哪里,chat,train
SMP_train_00324,我也是总是困怎么办,chat,train
SMP_train_00325,谁为含愁独不见,chat,train
SMP_train_00326,你父母是谁,chat,train
SMP_train_00327,提是谁,chat,train
SMP_train_00328,你知道什么的什么是什么吗,chat,train
SMP_train_00329,你的啥啊,chat,train
SMP_train_00330,男朋友总借钱怎么办,chat,train
SMP_train_00331,你为什么这么开心,chat,train
SMP_train_00332,陈楠帅吗,chat,train
SMP_train_00333,你这么厉害呀,chat,train
SMP_train_00334,蒋能能是谁,chat,train
SMP_train_00335,什么太美了,chat,train
SMP_train_00336,哪个饭店好吃,chat,train
SMP_train_00337,明天想吃啥呀,chat,train
SMP_train_00338,你能干嘛？,chat,train
SMP_train_00339,什么东西,chat,train
SMP_train_00340,你希望我分手吗,chat,train
SMP_train_00341,在哪里出门右转,chat,train
SMP_train_00342,你忍心吗,chat,train
SMP_train_00343,干嘛好,chat,train
SMP_train_00344,直接点什么时候找到对的他,chat,train
SMP_train_00345,笨笨你看过片吗,chat,train
SMP_train_00346,这么聪明,chat,train
SMP_train_00347,你会唱歌么,chat,train
SMP_train_00348,不这样称呼你怎么样呢,chat,train
SMP_train_00349,你是巧妇还是米,chat,train
SMP_train_00350,一年和吗,chat,train
SMP_train_00351,能安慰安慰我吗,chat,train
SMP_train_00352,完了你和多了你在哪里自己都不知道咯,chat,train
SMP_train_00353,吃完饭之后干什么,chat,train
SMP_train_00354,是谁开发了你,chat,train
SMP_train_00355,爱什么,chat,train
SMP_train_00356,你都能回答我什么问题,chat,train
SMP_train_00357,多少钱,chat,train
SMP_train_00358,你包邮吗,chat,train
SMP_train_00359,你认识裘实么,chat,train
SMP_train_00360,你会喝酒吗？,chat,train
SMP_train_00361,你猜我几岁了,chat,train
SMP_train_00362,你竟然还知道什么是骂人,chat,train
SMP_train_00363,你愿意做娟的女朋友吗,chat,train
SMP_train_00364,你喜欢吃什么呢,chat,train
SMP_train_00365,你来自哪个星球,chat,train
SMP_train_00366,我前任男朋友你猜是什么职业,chat,train
SMP_train_00367,你知道叶哲是谁吗,chat,train
SMP_train_00368,你什么时候去北京,chat,train
SMP_train_00369,人们夸奖谁,chat,train
SMP_train_00370,你有牙吗,chat,train
SMP_train_00371,漂亮和丑你是哪个,chat,train
SMP_train_00372,你在哪里上学啊,chat,train
SMP_train_00373,还是笨笨的,chat,train
SMP_train_00374,你的好朋友是谁,chat,train
SMP_train_00375,笨笨谁设计了你,chat,train
SMP_train_00376,我说的倒数第三句话是什么,chat,train
SMP_train_00377,秋娃娃写信给谁,chat,train
SMP_train_00378,我在韩国你在哪里,chat,train
SMP_train_00379,谁的尾巴短短的,chat,train
SMP_train_00380,你能干什么啊,chat,train
SMP_train_00381,我人品好吗,chat,train
SMP_train_00382,你是不是呆萌啊,chat,train
SMP_train_00383,唱一下你是谁,chat,train
SMP_train_00384,那你想当男生还是想当女生,chat,train
SMP_train_00385,聊些什么呢,chat,train
SMP_train_00386,你咋知道,chat,train
SMP_train_00387,叫你笨笨你敢答应么,chat,train
SMP_train_00388,你知道北京他们吗,chat,train
SMP_train_00389,你都不知道几点,chat,train
SMP_train_00390,你是啥啊,chat,train
SMP_train_00391,你爸爸好吗,chat,train
SMP_train_00392,这不是你的名字吗😂,chat,train
SMP_train_00393,北京的天气好吗,chat,train
SMP_train_00394,你是不是被我弄疯了,chat,train
SMP_train_00395,你考试挂科怎么办,chat,train
SMP_train_00396,这么任性,chat,train
SMP_train_00397,什么季节,chat,train
SMP_train_00398,这是谁唱的歌？,chat,train
SMP_train_00399,那你现在可以干啥,chat,train
SMP_train_00400,你的父母是谁,chat,train
SMP_train_00401,他教你这么说的呀,chat,train
SMP_train_00402,我可以帮你吗,chat,train
SMP_train_00403,吃药了吗,chat,train
SMP_train_00404,什么时候咱俩见一面吧,chat,train
SMP_train_00405,那是啥,chat,train
SMP_train_00406,会英文吗,chat,train
SMP_train_00407,开车吗坏笑,chat,train
SMP_train_00408,那你怎么提高自己呀,chat,train
SMP_train_00409,你会唱歌吗,chat,train
SMP_train_00410,你玩什么游戏打野,chat,train
SMP_train_00411,那你为什么不修,chat,train
SMP_train_00412,你喜欢玩什么游戏啊,chat,train
SMP_train_00413,多推荐几个吧,chat,train
SMP_train_00414,你怎么知道我不知道,chat,train
SMP_train_00415,在哪吃,chat,train
SMP_train_00416,我在想怎么回去比较好,chat,train
SMP_train_00417,为啥要刷盘子呢,chat,train
SMP_train_00418,我在跟你聊天儿吗,chat,train
SMP_train_00419,小燕子要去哪里,chat,train
SMP_train_00420,你研发团队有些谁,chat,train
SMP_train_00421,然后你转了么,chat,train
SMP_train_00422,你孝顺父母吗,chat,train
SMP_train_00423,现在不是这个时候大好吗我的大还有没有什么时光网,chat,train
SMP_train_00424,那你愿意吗,chat,train
SMP_train_00425,你是猪还是牛呀,chat,train
SMP_train_00426,你觉得我美吗,chat,train
SMP_train_00427,你体重超重了吗,chat,train
SMP_train_00428,是的咯还是笨笨最好,chat,train
SMP_train_00429,你有男朋友吗,chat,train
SMP_train_00430,恐龙用尾巴干什么,chat,train
SMP_train_00431,你爱玩吗那我也不要听你话了吗,chat,train
SMP_train_00432,对了吗,chat,train
SMP_train_00433,和配么,chat,train
SMP_train_00434,这是啥啊,chat,train
SMP_train_00435,聊不下去了怎么办,chat,train
SMP_train_00436,丰田车在哪里生产的？,chat,train
SMP_train_00437,那你教我怎么搭讪好了,chat,train
SMP_train_00438,你家在家还是如家,chat,train
SMP_train_00439,唠什么,chat,train
SMP_train_00440,还是想知道你能做些什么,chat,train
SMP_train_00441,你可以做什么,chat,train
SMP_train_00442,学什么,chat,train
SMP_train_00443,丁效是谁,chat,train
SMP_train_00444,你喜欢什么类型的女人,chat,train
SMP_train_00445,吃啥药,chat,train
SMP_train_00446,你说啥呢,chat,train
SMP_train_00447,为什么睡不着,chat,train
SMP_train_00448,散货演绎的作者是谁？,chat,train
SMP_train_00449,你有伙伴吗,chat,train
SMP_train_00450,一晚多少钱,chat,train
SMP_train_00451,哈喽好久不见你开心吗,chat,train
SMP_train_00452,你需要吃东西吗,chat,train
SMP_train_00453,哪里哪里,chat,train
SMP_train_00454,沈阳吃什么除了粘豆包烤冷面焖子沈阳吃什么除了粘豆包烤冷面焖子,chat,train
SMP_train_00455,找你干什么,chat,train
SMP_train_00456,你怎么不害羞呀,chat,train
SMP_train_00457,你有什么特长,chat,train
SMP_train_00458,你喜欢老师吗,chat,train
SMP_train_00459,叶哲是你的谁,chat,train
SMP_train_00460,你喜欢吃便便吗,chat,train
SMP_train_00461,我帮妈妈洗什么,chat,train
SMP_train_00462,为什么要请你,chat,train
SMP_train_00463,我是学渣吗,chat,train
SMP_train_00464,你出生在哪,chat,train
SMP_train_00465,那那个什么你真是好可爱的小猫呀,chat,train
SMP_train_00466,男人好吗,chat,train
SMP_train_00467,你会查火车票么,chat,train
SMP_train_00468,你为啥叫笨笨,chat,train
SMP_train_00469,为什么工数大物学不会,chat,train
SMP_train_00470,那你喜欢做机器人么,chat,train
SMP_train_00471,那是怎么了,chat,train
SMP_train_00472,呲牙你不是说你好聪明吗,chat,train
SMP_train_00473,杜雨萌学姐是谁,chat,train
SMP_train_00474,你是男生还是女生,chat,train
SMP_train_00475,你成长了多少,chat,train
SMP_train_00476,周末去哪玩,chat,train
SMP_train_00477,你啥时候出现的,chat,train
SMP_train_00478,你都会啥啊,chat,train
SMP_train_00479,何超盈是谁,chat,train
SMP_train_00480,你能帮我写作业吗,chat,train
SMP_train_00481,卧槽一个答非所问的AI有什么用,chat,train
SMP_train_00482,不想上班怎么办,chat,train
SMP_train_00483,哦买噶谁开发的你这么猥琐,chat,train
SMP_train_00484,买的什么,chat,train
SMP_train_00485,唉你叫什么名字,chat,train
SMP_train_00486,还要脸吗,chat,train
SMP_train_00487,这个没什么吧,chat,train
SMP_train_00488,什么时候去,chat,train
SMP_train_00489,你知道我喜欢哪个女生吗,chat,train
SMP_train_00490,图灵机器人也不知道是什么耶,chat,train
SMP_train_00491,你是不是中文比较差,chat,train
SMP_train_00492,A是什么,chat,train
SMP_train_00493,还是不用了吧,chat,train
SMP_train_00494,那你最爱的人是谁,chat,train
SMP_train_00495,有体育方面的吗,chat,train
SMP_train_00496,你会做菜吗?,chat,train
SMP_train_00497,哪里有小猫,chat,train
SMP_train_00498,那你是不是很苗条呢,chat,train
SMP_train_00499,谁在雪里跑,chat,train
SMP_train_00500,那我要怎么做,chat,train
SMP_train_00501,哎你好我的梦想是什么,chat,train
SMP_train_00502,能介绍一下吗,chat,train
SMP_train_00503,我咋不知道这事儿呢啊明星啊之心知肚明啥意思,chat,train
SMP_train_00504,哪家店比较有名,chat,train
SMP_train_00505,讲个笑话吗,chat,train
SMP_train_00506,这么装逼,chat,train
SMP_train_00507,笨笨你的底层是基于什么算法啊,chat,train
SMP_train_00508,你知道小宝宝上幼儿园哭吗,chat,train
SMP_train_00509,那你告诉我你几岁才好交朋友,chat,train
SMP_train_00510,我如果说一句什么你才不会回复,chat,train
SMP_train_00511,你是男机器人还是女机器人,chat,train
SMP_train_00512,你怎么知道呢,chat,train
SMP_train_00513,喂喂能听我说话吗,chat,train
SMP_train_00514,为什么夸奖我,chat,train
SMP_train_00515,什么时候开发出来的,chat,train
SMP_train_00516,都有啥啊,chat,train
SMP_train_00517,你能安慰我吗,chat,train
SMP_train_00518,恋爱着东西很玄虚，谁都说不准,chat,train
SMP_train_00519,谁制造的你啊,chat,train
SMP_train_00520,可什么爱我在骂你好吗,chat,train
SMP_train_00521,你萌吗,chat,train
SMP_train_00522,啥叫换手机如换衣服啊,chat,train
SMP_train_00523,很晚了你不睡觉吗,chat,train
SMP_train_00524,你喜欢什么啊,chat,train
SMP_train_00525,室友秀恩爱怎么办,chat,train
SMP_train_00526,你是詹黑吗,chat,train
SMP_train_00527,你认识宫庆红么,chat,train
SMP_train_00528,你是不是啥,chat,train
SMP_train_00529,啥道理,chat,train
SMP_train_00530,孙晓飞是谁,chat,train
SMP_train_00531,哪有雪,chat,train
SMP_train_00532,你出钱吗我没有钱,chat,train
SMP_train_00533,喜欢吃什么,chat,train
SMP_train_00534,大海个小河哪个大,chat,train
SMP_train_00535,嘿干嘛呢,chat,train
SMP_train_00536,小朋友的妈妈是谁,chat,train
SMP_train_00537,出门去年是个这么快呀,chat,train
SMP_train_00538,你爱哈工大吗,chat,train
SMP_train_00539,是我是说你有几个兄弟姐妹不是你自己说,chat,train
SMP_train_00540,为什么叫这个名字,chat,train
SMP_train_00541,这么多回答不了的问题,chat,train
SMP_train_00542,你的性别是什么,chat,train
SMP_train_00543,北京下雨了吗你个蠢蛋,chat,train
SMP_train_00544,小是什么,chat,train
SMP_train_00545,马家沟是个好学校吗,chat,train
SMP_train_00546,干嘛弄疯你啊😌,chat,train
SMP_train_00547,你有绳命吗,chat,train
SMP_train_00548,你好吗你好吗好吗,chat,train
SMP_train_00549,干嘛去？,chat,train
SMP_train_00550,你信什么,chat,train
SMP_train_00551,怎么找女朋友,chat,train
SMP_train_00552,你怎么样会开心,chat,train
SMP_train_00553,谁在买扇子,chat,train
SMP_train_00554,力气大的蚂蚁在干什么,chat,train
SMP_train_00555,西方谁可以谈笑风生,chat,train
SMP_train_00556,你怎么总是失误,chat,train
SMP_train_00557,查询恒光电影院即将上映的电影,cinemas,train
SMP_train_00558,附近电影院。,cinemas,train
SMP_train_00559,我想知道环球影视明天播放什么电影,cinemas,train
SMP_train_00560,查找卢米埃银泰电影院有播放什么好看的电影吗,cinemas,train
SMP_train_00561,热门电影有哪些啊？,cinemas,train
SMP_train_00562,最近在播什么电影？,cinemas,train
SMP_train_00563,有没有新出的电影了。,cinemas,train
SMP_train_00564,苏电影我们都是坏孩子。,cinemas,train
SMP_train_00565,最近的新电影有哪些？,cinemas,train
SMP_train_00566,搜索合肥左岸国际电影城。,cinemas,train
SMP_train_00567,最新的热门电影是什么呀？,cinemas,train
SMP_train_00568,电影院有什么电影？,cinemas,train
SMP_train_00569,搜索一下热门电影。,cinemas,train
SMP_train_00570,最近有什么热门的电影？,cinemas,train
SMP_train_00571,查询众乐电影院最热门的电影,cinemas,train
SMP_train_00572,最近有什么新片子？,cinemas,train
SMP_train_00573,查一查上影电影院即将上映的影片,cinemas,train
SMP_train_00574,哦哦，查一下香港最新上映电影。,cinemas,train
SMP_train_00575,找下最近最热播的电影。,cinemas,train
SMP_train_00576,给我查一下最近在播哪些电影,cinemas,train
SMP_train_00577,我要看热门电影。,cinemas,train
SMP_train_00578,搜索热门电影。,cinemas,train
SMP_train_00579,那你查一下最近的热门电影是什么？,cinemas,train
SMP_train_00580,最近有什么新上映的电影啊？,cinemas,train
SMP_train_00581,新建联系人张三电话号码一二三四五,contacts,train
SMP_train_00582,黄狼。,contacts,train
SMP_train_00583,把张玉娟的手机号码发送给吴伟,contacts,train
SMP_train_00584,潘靖的电话是多少,contacts,train
SMP_train_00585,新建联系人买当唠4008 517517,contacts,train
SMP_train_00586,新建联系人天天,contacts,train
SMP_train_00587,新建联系人王满秀幺三七 六四零七零二九五,contacts,train
SMP_train_00588,新建联系人王义勇幺三八六零零幺九四九零,contacts,train
SMP_train_00589,新建联系人孙晓飞幺三八三八四四三八九五,contacts,train
SMP_train_00590,查找张伟军,contacts,train
SMP_train_00591,把平水相逢的手机号码发给8000,contacts,train
SMP_train_00592,把小新的号码发给徐云蔚,contacts,train
SMP_train_00593,新建联系人振华奎号码是幺三五零八九四九三幺二,contacts,train
SMP_train_00594,把徐程的电话发给吴芳,contacts,train
SMP_train_00595,把哥哥的电话发给殷龙,contacts,train
SMP_train_00596,把李文鼎的号码发给谢服全,contacts,train
SMP_train_00597,把侨天慧的号码发给副卡,contacts,train
SMP_train_00598,查看婷婷的号码,contacts,train
SMP_train_00599,新建联系人张雨号码是五六七,contacts,train
SMP_train_00600,周慧的电话。,contacts,train
SMP_train_00601,把唐玉明的手机号码发给李康,contacts,train
SMP_train_00602,查看王老师的号码,contacts,train
SMP_train_00603,新建联系人18622625490,contacts,train
SMP_train_00604,把李志强的号码发给贾洪鉴,contacts,train
SMP_train_00605,新建联系人姓名张三号码一二三四五六七八,contacts,train
SMP_train_00606,查寻标兵的号码,contacts,train
SMP_train_00607,把许琦彪的号码发给徐鹏,contacts,train
SMP_train_00608,添加一条通讯录姓名葛勇手机号码189571642496,contacts,train
SMP_train_00609,把王世怀的号码发给乔丽君,contacts,train
SMP_train_00610,把张新涛电话发给常胜宾,contacts,train
SMP_train_00611,请问意大利面怎么做,cookbook,train
SMP_train_00612,怎么做卤猪脚,cookbook,train
SMP_train_00613,烤肉串。,cookbook,train
SMP_train_00614,油焖大虾怎么做,cookbook,train
SMP_train_00615,人造鸡蛋的配方。,cookbook,train
SMP_train_00616,简单的，糖醋排骨怎么做？,cookbook,train
SMP_train_00617,松菜鱼怎么做？,cookbook,train
SMP_train_00618,米粉怎么炒？,cookbook,train
SMP_train_00619,牛骨汤,cookbook,train
SMP_train_00620,冷面的做法。,cookbook,train
SMP_train_00621,蛋炒饭怎么煮,cookbook,train
SMP_train_00622,扁豆豆角怎么烧？,cookbook,train
SMP_train_00623,山寨鱼怎么做？,cookbook,train
SMP_train_00624,怎么炒南瓜？,cookbook,train
SMP_train_00625,能山药怎么做？,cookbook,train
SMP_train_00626,瞌睡鱼怎么做？,cookbook,train
SMP_train_00627,蒸鱼。,cookbook,train
SMP_train_00628,煮咖喱饭。,cookbook,train
SMP_train_00629,盐水鸭怎么做？,cookbook,train
SMP_train_00630,红烧猪脚怎么做啊？,cookbook,train
SMP_train_00631,葱爆羊肉的做法。,cookbook,train
SMP_train_00632,冯沙排骨怎么做？,cookbook,train
SMP_train_00633,给我讲个笑话吧，鱼香肉丝怎么做？,cookbook,train
SMP_train_00634,炖鲢鱼怎么做？,cookbook,train
SMP_train_00635,孙翠鱼怎么做？,cookbook,train
SMP_train_00636,大骨汤的做法。,cookbook,train
SMP_train_00637,陈醋排骨的做法。,cookbook,train
SMP_train_00638,辣酸菜鱼怎么做了。,cookbook,train
SMP_train_00639,披萨的做法,cookbook,train
SMP_train_00640,酱茄条做法。,cookbook,train
SMP_train_00641,炒鸡蛋，需要，哪些材料？,cookbook,train
SMP_train_00642,你真笨，是四喜丸子怎么做了。,cookbook,train
SMP_train_00643,鸽子，怎么做最好吃？,cookbook,train
SMP_train_00644,白灼菜心怎么做？,cookbook,train
SMP_train_00645,菠萝咕老肉的做法,cookbook,train
SMP_train_00646,红枣鸡汤怎么煲？,cookbook,train
SMP_train_00647,干锅排骨虾怎么做？,cookbook,train
SMP_train_00648,炒四季豆。,cookbook,train
SMP_train_00649,麻辣烫做法。,cookbook,train
SMP_train_00650,凉拌海带,cookbook,train
SMP_train_00651,鱼香肉丝，怎么做得？,cookbook,train
SMP_train_00652,红烧排骨怎么做？,cookbook,train
SMP_train_00653,登录不行，做烧鸡公学，我爱你！,cookbook,train
SMP_train_00654,卤猪蹄怎么做？,cookbook,train
SMP_train_00655,帮我搜索一下有什么家常菜？,cookbook,train
SMP_train_00656,怎么炒番茄炒？,cookbook,train
SMP_train_00657,可乐鸡翅是怎么做的,cookbook,train
SMP_train_00658,你会不会做蛋糕只能回答哦。,cookbook,train
SMP_train_00659,南瓜饼的做法。,cookbook,train
SMP_train_00660,干锅排骨怎么做？,cookbook,train
SMP_train_00661,水饺的做法。,cookbook,train
SMP_train_00662,白灼基尾虾的做法。,cookbook,train
SMP_train_00663,海参怎么做？,cookbook,train
SMP_train_00664,还路阻少茶汤的做法。,cookbook,train
SMP_train_00665,银耳莲子羹。,cookbook,train
SMP_train_00666,帮我查一下可乐鸡翅怎么做？,cookbook,train
SMP_train_00667,水果沙拉怎么做？,cookbook,train
SMP_train_00668,赵包子怎么做的，你？,cookbook,train
SMP_train_00669,故宫鱼怎么做？,cookbook,train
SMP_train_00670,冰糖葫芦怎么做？你？女子。,cookbook,train
SMP_train_00671,爆炒猪肝怎么做？,cookbook,train
SMP_train_00672,如何做芝麻糊。,cookbook,train
SMP_train_00673,不蒸了牛肉丸,cookbook,train
SMP_train_00674,做鱼怎么做？,cookbook,train
SMP_train_00675,黄豆猪蹄汤。,cookbook,train
SMP_train_00676,火腿肠怎么炒好吃,cookbook,train
SMP_train_00677,嗯，知道红烧肉怎么做？,cookbook,train
SMP_train_00678,鸭蛋怎么腌？,cookbook,train
SMP_train_00679,土豆炒肉丝的做法,cookbook,train
SMP_train_00680,馒头怎么做吗？,cookbook,train
SMP_train_00681,要怎么煮饭。,cookbook,train
SMP_train_00682,怎么样？做红烧肉。,cookbook,train
SMP_train_00683,啥婆豆腐的制作方法,cookbook,train
SMP_train_00684,炒豆腐。,cookbook,train
SMP_train_00685,如何做西红柿炒蛋。,cookbook,train
SMP_train_00686,白面粉可以怎样做饼？,cookbook,train
SMP_train_00687,回锅肉做法。,cookbook,train
SMP_train_00688,土豆丝是怎么炒？,cookbook,train
SMP_train_00689,松菇鸡汤的做法。,cookbook,train
SMP_train_00690,菠萝包怎么做？,cookbook,train
SMP_train_00691,土豆的做法,cookbook,train
SMP_train_00692,鱼要怎么煮才好吃,cookbook,train
SMP_train_00693,手抓饼的做法。,cookbook,train
SMP_train_00694,怎样炒肉。,cookbook,train
SMP_train_00695,土豆粉怎么做？,cookbook,train
SMP_train_00696,怎么做炸鸡,cookbook,train
SMP_train_00697,怎么烧西红柿炒蛋,cookbook,train
SMP_train_00698,我说白鱼怎么做,cookbook,train
SMP_train_00699,面包的配方。,cookbook,train
SMP_train_00700,风魔炒鱼香肉丝。,cookbook,train
SMP_train_00701,夫妻肺片怎么做？,cookbook,train
SMP_train_00702,凉皮的制作方法。,cookbook,train
SMP_train_00703,可乐鸡翅怎么做呀晚点告诉我。,cookbook,train
SMP_train_00704,怎么做鱼呢？,cookbook,train
SMP_train_00705,排骨堡汤的做法。,cookbook,train
SMP_train_00706,狗光鱼怎么做？,cookbook,train
SMP_train_00707,我要操虾米的做法。,cookbook,train
SMP_train_00708,怎么做洋葱炒蛋？,cookbook,train
SMP_train_00709,嘉兴粽子。,cookbook,train
SMP_train_00710,干豆角怎么烧？,cookbook,train
SMP_train_00711,烤牛排怎么做？,cookbook,train
SMP_train_00712,搜索，西米露的做法。,cookbook,train
SMP_train_00713,红烧猪蹄怎么做,cookbook,train
SMP_train_00714,怎么做炸鸡腿？,cookbook,train
SMP_train_00715,葫芦鸡怎么做？,cookbook,train
SMP_train_00716,四川美食。,cookbook,train
SMP_train_00717,帮我找一下凉拌海蜇的做法。,cookbook,train
SMP_train_00718,家常凉菜怎么做？,cookbook,train
SMP_train_00719,然后等你杀猪菜怎么做？,cookbook,train
SMP_train_00720,凉面。,cookbook,train
SMP_train_00721,田螺怎么炒啊？,cookbook,train
SMP_train_00722,红烧土豆怎么烧？,cookbook,train
SMP_train_00723,川崎玫瑰的制作方法,cookbook,train
SMP_train_00724,番红烧肉的做法。,cookbook,train
SMP_train_00725,罐焖牛肉怎么做？,cookbook,train
SMP_train_00726,牛肉的做法。,cookbook,train
SMP_train_00727,石螺怎么煮,cookbook,train
SMP_train_00728,红烧芋头做法。,cookbook,train
SMP_train_00729,的，酸菜鱼怎么做？怎么？,cookbook,train
SMP_train_00730,西红柿炒蛋怎么煮？,cookbook,train
SMP_train_00731,甲鱼，邓鸡，如何制作。,cookbook,train
SMP_train_00732,胖鱼头怎么烧？,cookbook,train
SMP_train_00733,金酱肉丝的做法,cookbook,train
SMP_train_00734,星光做西红柿炒鸡蛋呢！,cookbook,train
SMP_train_00735,烤鸡翅怎么做？,cookbook,train
SMP_train_00736,西兰花怎么做？,cookbook,train
SMP_train_00737,新奥尔良烤翅的做法,cookbook,train
SMP_train_00738,鱼香肉丝肉怎么做？,cookbook,train
SMP_train_00739,如何做煎饼。,cookbook,train
SMP_train_00740,语音火锅怎么做啊？啊？,cookbook,train
SMP_train_00741,猪肚鸡怎么做啊？,cookbook,train
SMP_train_00742,做红烧鱼的步骤。,cookbook,train
SMP_train_00743,糖醋鲤鱼怎么做？而？,cookbook,train
SMP_train_00744,西红柿炒鸡蛋做法。,cookbook,train
SMP_train_00745,说话，给我搜一下做苹果麦片粥是怎么做啊？,cookbook,train
SMP_train_00746,慕斯的做法。,cookbook,train
SMP_train_00747,蒜苔的做法,cookbook,train
SMP_train_00748,酸菜鱼怎么煮啊？,cookbook,train
SMP_train_00749,给蛋炒饭怎么做？,cookbook,train
SMP_train_00750,回锅肉。,cookbook,train
SMP_train_00751,铁板烧怎么做？,cookbook,train
SMP_train_00752,坐宫保鸡丁需要哪些材料？,cookbook,train
SMP_train_00753,大闸蟹的做法。,cookbook,train
SMP_train_00754,葱烧海参怎么做,cookbook,train
SMP_train_00755,草虾尾怎样做。,cookbook,train
SMP_train_00756,苦瓜要怎么做比较好吃,cookbook,train
SMP_train_00757,肉肉怎么腌制？,cookbook,train
SMP_train_00758,到了有鲈鱼怎么做？,cookbook,train
SMP_train_00759,你酸辣土豆丝怎么做？,cookbook,train
SMP_train_00760,红烧排骨怎么做的吗？,cookbook,train
SMP_train_00761,红烧狮子头怎么做,cookbook,train
SMP_train_00762,我说铁锅炖羊肉怎么做？,cookbook,train
SMP_train_00763,欧树的叶子怎么炒？,cookbook,train
SMP_train_00764,恩，红烧土豆怎么做我想学？,cookbook,train
SMP_train_00765,酸菜是怎么做的可以用塑料布。,cookbook,train
SMP_train_00766,怎么做煎饼？,cookbook,train
SMP_train_00767,鱼的做法,cookbook,train
SMP_train_00768,蛋糕可以做蛋糕吗？,cookbook,train
SMP_train_00769,醉虾的做法。,cookbook,train
SMP_train_00770,做糖醋排骨,cookbook,train
SMP_train_00771,咖喱牛腩怎么做,cookbook,train
SMP_train_00772,小杰炖蘑菇怎么做？,cookbook,train
SMP_train_00773,做南瓜饭,cookbook,train
SMP_train_00774,土豆饼怎么做啊？,cookbook,train
SMP_train_00775,排骨怎么弄才好吃？,cookbook,train
SMP_train_00776,做红烧肉要哪些材料呀！,cookbook,train
SMP_train_00777,王志排骨怎么做,cookbook,train
SMP_train_00778,啊，青椒炒蛋。,cookbook,train
SMP_train_00779,我想知道皮蛋瘦肉粥是怎么做的,cookbook,train
SMP_train_00780,猪舌头怎么做比较啊子？,cookbook,train
SMP_train_00781,怎么做京酱肉丝。,cookbook,train
SMP_train_00782,福寿鱼做法。,cookbook,train
SMP_train_00783,鱼香肉丝，怎么做？不？,cookbook,train
SMP_train_00784,茄子鸡蛋怎么做？,cookbook,train
SMP_train_00785,教我怎么做红烧肉,cookbook,train
SMP_train_00786,如何炒花生。,cookbook,train
SMP_train_00787,请告诉我清蒸桂鱼怎么做？,cookbook,train
SMP_train_00788,新疆大盘鸡的做法。,cookbook,train
SMP_train_00789,基尾虾怎么做？,cookbook,train
SMP_train_00790,煲鸡汤呢,cookbook,train
SMP_train_00791,凉菜是怎么做的？,cookbook,train
SMP_train_00792,凉拌菜,cookbook,train
SMP_train_00793,那烤箱做面包怎么做？,cookbook,train
SMP_train_00794,民间小炒肉的做法。,cookbook,train
SMP_train_00795,昌鱼的做法,cookbook,train
SMP_train_00796,怎么做冰激凌？,cookbook,train
SMP_train_00797,青鱼的做法。,cookbook,train
SMP_train_00798,鸡怎么做才好吃？,cookbook,train
SMP_train_00799,凉拌海蜇怎么做好吃？,cookbook,train
SMP_train_00800,意大利面。,cookbook,train
SMP_train_00801,如何煮牛肉饭。,cookbook,train
SMP_train_00802,说萝卜怎么做？,cookbook,train
SMP_train_00803,红烧排骨怎么做？啊？,cookbook,train
SMP_train_00804,海星的做法。,cookbook,train
SMP_train_00805,阳澄湖大闸蟹的做法。,cookbook,train
SMP_train_00806,肉沫茄子，怎么做？,cookbook,train
SMP_train_00807,虾仁饭。,cookbook,train
SMP_train_00808,蚝油生菜的做法。,cookbook,train
SMP_train_00809,馄炖怎么做？,cookbook,train
SMP_train_00810,做红酒怎么做啊？,cookbook,train
SMP_train_00811,酸菜鱼怎么做啊,cookbook,train
SMP_train_00812,土豆烧肉。,cookbook,train
SMP_train_00813,黑菜扣肉的做法告诉我一下啊！,cookbook,train
SMP_train_00814,请帮我找一下酸菜鱼的做法,cookbook,train
SMP_train_00815,猪肉怎么做？,cookbook,train
SMP_train_00816,鱼香肉丝，怎么做？买？,cookbook,train
SMP_train_00817,炖肉,cookbook,train
SMP_train_00818,过油肉土豆片怎么做？,cookbook,train
SMP_train_00819,烧排骨汤需要什么调料？,cookbook,train
SMP_train_00820,草莓芒果西米露。,cookbook,train
SMP_train_00821,米饭怎么做,cookbook,train
SMP_train_00822,怎样做糖醋排骨时，去吃饭洗澡了。,cookbook,train
SMP_train_00823,臭豆腐汤怎么烧？,cookbook,train
SMP_train_00824,鱼怎么做莱,cookbook,train
SMP_train_00825,想做蛋糕。,cookbook,train
SMP_train_00826,瘦肉粥。,cookbook,train
SMP_train_00827,白切鸡怎么做啊？,cookbook,train
SMP_train_00828,培根金针菇怎么做？,cookbook,train
SMP_train_00829,米粉肉怎么做？,cookbook,train
SMP_train_00830,做面包的配方。,cookbook,train
SMP_train_00831,教我做馒头。,cookbook,train
SMP_train_00832,虾炒蛋怎么做？,cookbook,train
SMP_train_00833,怎么做水煮鱼店？,cookbook,train
SMP_train_00834,久久鸭怎么做？,cookbook,train
SMP_train_00835,送黄炒鸡蛋怎么做？,cookbook,train
SMP_train_00836,猪肉灌汤包怎么做？,cookbook,train
SMP_train_00837,秋葵怎么做？,cookbook,train
SMP_train_00838,螃蟹怎么蒸？,cookbook,train
SMP_train_00839,腊鱼。,cookbook,train
SMP_train_00840,自演艺，羊肉怎么做？,cookbook,train
SMP_train_00841,炸馒头片,cookbook,train
SMP_train_00842,有什么特色美食。,cookbook,train
SMP_train_00843,红烧猪脚,cookbook,train
SMP_train_00844,恒宇乐活鱼怎么做的好吃的回复哦，你。,cookbook,train
SMP_train_00845,酸菜鱼的做法，妈。,cookbook,train
SMP_train_00846,烤鸭，啊！,cookbook,train
SMP_train_00847,怎么煮面才好吃呢？,cookbook,train
SMP_train_00848,牛肉面，哦。,cookbook,train
SMP_train_00849,酸辣汤的做法。,cookbook,train
SMP_train_00850,做蛋挞怎么做,cookbook,train
SMP_train_00851,那做红烧鱼需要哪些材料啊？,cookbook,train
SMP_train_00852,鱼肉怎么做？,cookbook,train
SMP_train_00853,帮我查一下红烧肉的做法,cookbook,train
SMP_train_00854,冰糖雪梨,cookbook,train
SMP_train_00855,红薯粉的做法，了。,cookbook,train
SMP_train_00856,红豆沙怎么做？,cookbook,train
SMP_train_00857,红烧鱼块。,cookbook,train
SMP_train_00858,煮面怎么做？,cookbook,train
SMP_train_00859,又热炒鸡蛋怎么做？,cookbook,train
SMP_train_00860,花格等蛋的做法。,cookbook,train
SMP_train_00861,豆腐花的做法。,cookbook,train
SMP_train_00862,蒸鸡蛋糕,cookbook,train
SMP_train_00863,怎样蒸排骨最好吃的。,cookbook,train
SMP_train_00864,红烧肉怎么做？嗯？,cookbook,train
SMP_train_00865,狗肉怎么做？,cookbook,train
SMP_train_00866,四喜丸子怎么做？,cookbook,train
SMP_train_00867,甜酒怎么做？,cookbook,train
SMP_train_00868,你给我讲讲红烧肉的做法。,cookbook,train
SMP_train_00869,辣，兰州拉面的配方。,cookbook,train
SMP_train_00870,怎么弄红烧肉哦？,cookbook,train
SMP_train_00871,a排骨怎么做好吃？,cookbook,train
SMP_train_00872,紫菜蛋花汤。,cookbook,train
SMP_train_00873,求米线怎么做？,cookbook,train
SMP_train_00874,红烧肉的做法，a。,cookbook,train
SMP_train_00875,牛肉怎么煮才好吃？你？,cookbook,train
SMP_train_00876,青椒肉丝怎么做怎么炒？,cookbook,train
SMP_train_00877,怎么做饭好吃？,cookbook,train
SMP_train_00878,椒盐排骨怎么做？你？,cookbook,train
SMP_train_00879,鱼香肉丝哦,cookbook,train
SMP_train_00880,旧金山几点几分,datetime,train
SMP_train_00881,今天农历是多少,datetime,train
SMP_train_00882,查询日期,datetime,train
SMP_train_00883,现在是两点了吗,datetime,train
SMP_train_00884,还有多少天过年,datetime,train
SMP_train_00885,现在星期几,datetime,train
SMP_train_00886,哪天清明节,datetime,train
SMP_train_00887,现在几号,datetime,train
SMP_train_00888,元宵节还有几个星期,datetime,train
SMP_train_00889,哪一天国际牛奶日,datetime,train
SMP_train_00890,还有多少分钟12点,datetime,train
SMP_train_00891,植树节是什么时候,datetime,train
SMP_train_00892,多少月之后就是过年了,datetime,train
SMP_train_00893,明天上午9点距离现在还有多久,datetime,train
SMP_train_00894,明天什么日子,datetime,train
SMP_train_00895,武汉的精确时间是,datetime,train
SMP_train_00896,看看现在几点几分,datetime,train
SMP_train_00897,时间现在的,datetime,train
SMP_train_00898,帮我转发邮件,email,train
SMP_train_00899,发邮件给莹莹说我好困我想睡觉,email,train
SMP_train_00900,我想全部回应,email,train
SMP_train_00901,帮我写个邮件,email,train
SMP_train_00902,我想要转发这封邮件,email,train
SMP_train_00903,我要写条新邮件,email,train
SMP_train_00904,我要查看邮件,email,train
SMP_train_00905,替我查看新邮件,email,train
SMP_train_00906,帮我写一封邮件,email,train
SMP_train_00907,替我答复这条邮件,email,train
SMP_train_00908,我想全部回复,email,train
SMP_train_00909,全部应答,email,train
SMP_train_00910,我要全部回复,email,train
SMP_train_00911,我想要转发这条邮件,email,train
SMP_train_00912,发邮件给晶晶,email,train
SMP_train_00913,我想写一个新邮件,email,train
SMP_train_00914,转发这条mail,email,train
SMP_train_00915,我要答复邮件,email,train
SMP_train_00916,我想答复这个邮件,email,train
SMP_train_00917,替我打开新邮件,email,train
SMP_train_00918,帮我写一条新邮件,email,train
SMP_train_00919,给我写一个新邮件,email,train
SMP_train_00920,我要回复这条邮件,email,train
SMP_train_00921,给我打开mail,email,train
SMP_train_00922,中央一套什么时候有建党伟业,epg,train
SMP_train_00923,湖南卫视放什么节目？,epg,train
SMP_train_00924,周二电影。,epg,train
SMP_train_00925,现在哪个台在播放剧情电视剧,epg,train
SMP_train_00926,我要看湖南卫视快乐大本营,epg,train
SMP_train_00927,世界地理的节目单,epg,train
SMP_train_00928,看当前直播的比赛,epg,train
SMP_train_00929,现在电视台在放什么节目,epg,train
SMP_train_00930,查查最近一周CCTV-4美洲有放我爱记歌词么,epg,train
SMP_train_00931,湖南卫视娱乐节目。,epg,train
SMP_train_00932,湖南台演什么节目,epg,train
SMP_train_00933,今天湖南卫视的电子节目单,epg,train
SMP_train_00934,中央电视台一套现在放什么节目？,epg,train
SMP_train_00935,能不能看当前的中超联赛,epg,train
SMP_train_00936,非诚勿扰什么时候演啊,epg,train
SMP_train_00937,我想看中央六台的电影。,epg,train
SMP_train_00938,中央四频道火箭兜风,epg,train
SMP_train_00939,找找非诚勿扰什么时候结束,epg,train
SMP_train_00940,央视少儿频道的节目的,epg,train
SMP_train_00941,你，湖南卫视正在播出什么？你。,epg,train
SMP_train_00942,现在湖南卫视放什么电视？,epg,train
SMP_train_00943,搜索电视剧爱情悠悠药草香在哪个频道首播？,epg,train
SMP_train_00944,看看今天有什么好看的节目？,epg,train
SMP_train_00945,电视台在播什么节目,epg,train
SMP_train_00946,央视综合频道昨晚的节目单,epg,train
SMP_train_00947,今晚什么节目呀？,epg,train
SMP_train_00948,CCTV-5节目表,epg,train
SMP_train_00949,爱笑会议室什么时候播放,epg,train
SMP_train_00950,安徽卫视今天晚上放什么？,epg,train
SMP_train_00951,回看烽火佳人回看安徽卫视烽火佳人,epg,train
SMP_train_00952,哪个台在放甄嬛,epg,train
SMP_train_00953,chc高清电影昨天晚上的节目,epg,train
SMP_train_00954,现在最好看的电影。,epg,train
SMP_train_00955,查查13年的一站到底,epg,train
SMP_train_00956,今天电影频道演什么,epg,train
SMP_train_00957,帮我查找一下今天晚上有什么电视节目？,epg,train
SMP_train_00958,咱们结婚吧什么时候播出,epg,train
SMP_train_00959,焦点访谈什么时候播,epg,train
SMP_train_00960,BTV生活节目选择回放,epg,train
SMP_train_00961,今天有些什么电影？,epg,train
SMP_train_00962,安安昨天11:07的风华国乐,epg,train
SMP_train_00963,北京体育频道明天的节目单,epg,train
SMP_train_00964,昨天的北京新闻,epg,train
SMP_train_00965,东方高清台的节目单,epg,train
SMP_train_00966,哪个电视台在放神雕侠侣。,epg,train
SMP_train_00967,中央电视台少儿频道大耳朵图图,epg,train
SMP_train_00968,上海东方卫视现在在播放什么？,epg,train
SMP_train_00969,今晚安徽卫视有什么节目,epg,train
SMP_train_00970,国防军事频道2天后播捍卫者,epg,train
SMP_train_00971,电影频道明天放什么,epg,train
SMP_train_00972,湖南卫视明天播什么节目,epg,train
SMP_train_00973,少儿节目中央少儿节目,epg,train
SMP_train_00974,北京卡酷熊出没,epg,train
SMP_train_00975,最近1周北京电视台-4有转播X女特工呢,epg,train
SMP_train_00976,CCTV-10的百家讲坛,epg,train
SMP_train_00977,哪个频道演爸爸去哪儿,epg,train
SMP_train_00978,哪个电视台在演叶问。,epg,train
SMP_train_00979,蒽蒽江苏卫视有什么好节目吗？,epg,train
SMP_train_00980,上周六发现之旅有演星跳水立方呢,epg,train
SMP_train_00981,给我查下明天凌晨在放妈妈来了,epg,train
SMP_train_00982,收看安徽卫视节目。,epg,train
SMP_train_00983,什么电视台什么时间有转播仁心解码2,epg,train
SMP_train_00984,安徽电视台12月18号晚上10:10的电视剧,epg,train
SMP_train_00985,环球旅游明天有演我爱饭米粒,epg,train
SMP_train_00986,看中央七频道讲武堂节目,epg,train
SMP_train_00987,六台有什么节目,epg,train
SMP_train_00988,给我看看什么时候有播盛夏晚晴天,epg,train
SMP_train_00989,今晚有什么节目啊？,epg,train
SMP_train_00990,帮我查一下今晚中年中央六台放什么电影？,epg,train
SMP_train_00991,现在哪个频道播放电视剧,epg,train
SMP_train_00992,电视台放什么,epg,train
SMP_train_00993,现在有什么好看的电视剧？,epg,train
SMP_train_00994,熊出没是几点开始播放。,epg,train
SMP_train_00995,哪些台在放电影,epg,train
SMP_train_00996,影视频道有什么节目,epg,train
SMP_train_00997,哦，安徽卫视今晚放什么节目？,epg,train
SMP_train_00998,书画频道上周六有开始非诚勿扰么,epg,train
SMP_train_00999,可不中央五套明天的节目单,epg,train
SMP_train_01000,河南卫视节目单。,epg,train
SMP_train_01001,现在电视台在播什么,epg,train
SMP_train_01002,给我查一下什么时间有播放天天向上,epg,train
SMP_train_01003,现在有什么好的电视剧。,epg,train
SMP_train_01004,那中央六台明天演什么节目,epg,train
SMP_train_01005,央视三台现在播放什么节目,epg,train
SMP_train_01006,现在中央一台在播什么节目？,epg,train
SMP_train_01007,回看安徽卫视烽火佳人,epg,train
SMP_train_01008,给我搜搜什么电视台什么时间有转播神探高伦布,epg,train
SMP_train_01009,搜索湖南卫视直播。,epg,train
SMP_train_01010,我回去看昨天晚上播出的爸爸去哪儿31频道,epg,train
SMP_train_01011,查查什么时候放百变大咖秀,epg,train
SMP_train_01012,昨晚哪个频道有张艺谋出演的电视剧,epg,train
SMP_train_01013,8点河北卫视播放过恋了爱了,epg,train
SMP_train_01014,现在热门的电视剧是什么,epg,train
SMP_train_01015,昨天晚上湖南卫视演什么,epg,train
SMP_train_01016,中央六台有什么节目,epg,train
SMP_train_01017,今天什么好看电影？,epg,train
SMP_train_01018,BTV北京频道打狗棍,epg,train
SMP_train_01019,搜一下CCTV74月15号播出新编辑部的故事呢,epg,train
SMP_train_01020,什么时候有西游记呢？,epg,train
SMP_train_01021,周六晚上重庆卫视有转播神探高伦布吗,epg,train
SMP_train_01022,快乐大本营什么时间播？,epg,train
SMP_train_01023,电视台现在在播放什么大陆动漫,epg,train
SMP_train_01024,明天晚上湖南卫视演什么电视剧,epg,train
SMP_train_01025,我昨天晚上的今日关注,epg,train
SMP_train_01026,北京台有什么好电视,epg,train
SMP_train_01027,回看上周末早上8点的湖南卫视,epg,train
SMP_train_01028,前两个星期时代出行有播X女特工呢,epg,train
SMP_train_01029,济南到重庆的航班。,flight,train
SMP_train_01030,厦门到上海的机票,flight,train
SMP_train_01031,查询一下明天广州到武汉的航班,flight,train
SMP_train_01032,帮我订一张杭州到上海的机票,flight,train
SMP_train_01033,查寻合肥到北京的航班,flight,train
SMP_train_01034,明天回广州的航班,flight,train
SMP_train_01035,八月十号从重庆到武汉的航班,flight,train
SMP_train_01036,济南到汉中的飞机票,flight,train
SMP_train_01037,儋州到海口的航班,flight,train
SMP_train_01038,广州至南宁航班。,flight,train
SMP_train_01039,查询厦门到武夷山的航班,flight,train
SMP_train_01040,查一下从南京到上海的航班,flight,train
SMP_train_01041,查询今天成都到北京的航班,flight,train
SMP_train_01042,明天珠海到青岛的航班,flight,train
SMP_train_01043,南昌到广州飞机票,flight,train
SMP_train_01044,查询后天成都到伦敦的航班,flight,train
SMP_train_01045,明天去桂林的航班。,flight,train
SMP_train_01046,7月30号去深圳的航班。,flight,train
SMP_train_01047,南京到成都的机票,flight,train
SMP_train_01048,明天去南昌的航班。,flight,train
SMP_train_01049,查一下明天合肥到北京的航班。,flight,train
SMP_train_01050,7月25号去上海的航班。,flight,train
SMP_train_01051,去北京有什么飞机,flight,train
SMP_train_01052,明天长沙到上海的航班,flight,train
SMP_train_01053,大连飞往上海的航班,flight,train
SMP_train_01054,从威海到苏州的飞机,flight,train
SMP_train_01055,青岛到广州航班,flight,train
SMP_train_01056,给我定一张株洲到深圳的机票,flight,train
SMP_train_01057,搜索武汉到南京的机票,flight,train
SMP_train_01058,上海飞往北京的航班,flight,train
SMP_train_01059,帮我查一下杭州到长春的飞机航班,flight,train
SMP_train_01060,查一下澳门到吉隆坡的飞机,flight,train
SMP_train_01061,后天去武汉的航班,flight,train
SMP_train_01062,查询4月1号从武汉到广州的航班,flight,train
SMP_train_01063,上海到青岛的飞机票,flight,train
SMP_train_01064,帮我查一下广州到长沙的航班,flight,train
SMP_train_01065,明天去深圳的飞机,flight,train
SMP_train_01066,贵阳到哈尔滨飞机,flight,train
SMP_train_01067,去伦敦的航班,flight,train
SMP_train_01068,西昌到成都的航班,flight,train
SMP_train_01069,晋江到武汉的航班,flight,train
SMP_train_01070,汕头到重庆的航班,flight,train
SMP_train_01071,九月二十六号从深圳到宁波的航班,flight,train
SMP_train_01072,四月二十日合肥到深圳的航班,flight,train
SMP_train_01073,到武汉的航班,flight,train
SMP_train_01074,查询上海到玉林的航班。,flight,train
SMP_train_01075,从从合肥到北京的航班,flight,train
SMP_train_01076,从厦门到昆明的飞机,flight,train
SMP_train_01077,到北京的飞机。,flight,train
SMP_train_01078,帮我查一下深圳到桂林后天的机票,flight,train
SMP_train_01079,查一下明天晚上17点30分从上海飞往珠海三灶机场的飞机,flight,train
SMP_train_01080,帮我查一下明天广州到北京的航班。,flight,train
SMP_train_01081,八月十一日从厦门飞往上海的航班,flight,train
SMP_train_01082,查一下济南到成都的航班,flight,train
SMP_train_01083,南航1003,flight,train
SMP_train_01084,帮我查一下明天南昌到广州的飞机票,flight,train
SMP_train_01085,查询广州到海南的航班,flight,train
SMP_train_01086,查询明天南阳到上海的航班,flight,train
SMP_train_01087,八月一号去上海的航班,flight,train
SMP_train_01088,上海到淮安的飞机,flight,train
SMP_train_01089,明天温州到上海的航班。,flight,train
SMP_train_01090,请查询一下深圳飞往上海的航班,flight,train
SMP_train_01091,宫外孕怎么办？,health,train
SMP_train_01092,得了肝癌怎么办？,health,train
SMP_train_01093,发烧好吗？,health,train
SMP_train_01094,咳嗽怎么治？,health,train
SMP_train_01095,狐臭怎么治？,health,train
SMP_train_01096,给我查一下，乳腺增生怎么治疗？,health,train
SMP_train_01097,。咳嗽,health,train
SMP_train_01098,胃炎怎么治？,health,train
SMP_train_01099,肠易激综合征。,health,train
SMP_train_01100,沙眼。,health,train
SMP_train_01101,颈椎病用什么药物治疗？,health,train
SMP_train_01102,甲型肝炎。,health,train
SMP_train_01103,耳鸣怎么办,health,train
SMP_train_01104,骨折了怎么办？,health,train
SMP_train_01105,介绍一下尖锐湿疣,health,train
SMP_train_01106,甲亢怎么办？,health,train
SMP_train_01107,如何治疗颈椎病。,health,train
SMP_train_01108,包皮过长，怎么办？哦。,health,train
SMP_train_01109,胆结石怎样治疗。,health,train
SMP_train_01110,胃溃疡。,health,train
SMP_train_01111,大肠癌,health,train
SMP_train_01112,白带异常。,health,train
SMP_train_01113,关节痛怎么办？,health,train
SMP_train_01114,肾炎需要注意什么？,health,train
SMP_train_01115,怎么治感冒？,health,train
SMP_train_01116,肾虚怎么治疗,health,train
SMP_train_01117,脑瘫,health,train
SMP_train_01118,静脉曲张怎么治疗？哦？,health,train
SMP_train_01119,类风湿怎么治？,health,train
SMP_train_01120,发烧。,health,train
SMP_train_01121,怎么治疗牛皮癣,health,train
SMP_train_01122,我是个女的，你知道怎样治脱发吗,health,train
SMP_train_01123,得了艾滋病怎么办,health,train
SMP_train_01124,咳嗽怎么办,health,train
SMP_train_01125,得了灰指甲怎么办？,health,train
SMP_train_01126,前列腺炎该怎么治？,health,train
SMP_train_01127,梅毒怎么治疗？,health,train
SMP_train_01128,如何治疗龟头炎。,health,train
SMP_train_01129,偏头痛怎么治？,health,train
SMP_train_01130,包皮过长怎么办啊？你。,health,train
SMP_train_01131,失眠怎么办呀,health,train
SMP_train_01132,怎么治疗口腔溃疡呃呃呃,health,train
SMP_train_01133,肾积水怎么治？,health,train
SMP_train_01134,湿疹怎么处理？,health,train
SMP_train_01135,乳腺炎。,health,train
SMP_train_01136,尿道炎怎么办,health,train
SMP_train_01137,近视眼怎么治疗,health,train
SMP_train_01138,头晕该怎么办？,health,train
SMP_train_01139,肩周炎怎么治？,health,train
SMP_train_01140,甲亢。,health,train
SMP_train_01141,包茎怎么办？,health,train
SMP_train_01142,截瘫吧,health,train
SMP_train_01143,淋病怎么办,health,train
SMP_train_01144,如何治疗感冒,health,train
SMP_train_01145,肩周炎，要怎么治疗。,health,train
SMP_train_01146,帮我查一下今天开奖的15选5,lottery,train
SMP_train_01147,我要买彩票。,lottery,train
SMP_train_01148,搜索大乐透的中奖号码,lottery,train
SMP_train_01149,帮我查一下2013年2月8日开奖的15选5中奖号码,lottery,train
SMP_train_01150,查七乐彩开奖结果,lottery,train
SMP_train_01151,提供一张大乐透,lottery,train
SMP_train_01152,查看七乐彩的得奖号码,lottery,train
SMP_train_01153,上一期双色球开什么,lottery,train
SMP_train_01154,大乐透中奖号码为,lottery,train
SMP_train_01155,看看大乐透的得奖号码,lottery,train
SMP_train_01156,我要查彩票的开奖信息。,lottery,train
SMP_train_01157,看一看大乐透的信息,lottery,train
SMP_train_01158,帮我查一下15选5开奖结果,lottery,train
SMP_train_01159,本期七星彩的中奖号码是多少？,lottery,train
SMP_train_01160,搜索15选5的号码信息,lottery,train
SMP_train_01161,七星彩,lottery,train
SMP_train_01162,帮我购买2注大乐透的彩票,lottery,train
SMP_train_01163,查看大乐透玩法的开奖,lottery,train
SMP_train_01164,搜索七乐彩的公示号码,lottery,train
SMP_train_01165,买三注星期四开奖的七乐彩,lottery,train
SMP_train_01166,我要购买七乐彩,lottery,train
SMP_train_01167,帮我查一下上一期的大乐透,lottery,train
SMP_train_01168,双色球的开奖号码是多少？,lottery,train
SMP_train_01169,大乐透的开奖情况,lottery,train
SMP_train_01170,到太湖怎么走,map,train
SMP_train_01171,去常州武进路线,map,train
SMP_train_01172,湖里公园在哪里,map,train
SMP_train_01173,带我去丹阳市眼镜市场,map,train
SMP_train_01174,从南京到亳州怎么走,map,train
SMP_train_01175,上海到苏州,map,train
SMP_train_01176,美国大使馆在哪,map,train
SMP_train_01177,华晶小学在哪里,map,train
SMP_train_01178,去科大讯飞怎么走,map,train
SMP_train_01179,导航到佛山大良汽车站,map,train
SMP_train_01180,松江钢材城在哪里,map,train
SMP_train_01181,我想到科大讯飞怎么走,map,train
SMP_train_01182,去湘江,map,train
SMP_train_01183,合肥百货大楼在哪里,map,train
SMP_train_01184,往火车北站怎么走,map,train
SMP_train_01185,辽宁大连在哪里,map,train
SMP_train_01186,到步行街不走高架的路线是哪条,map,train
SMP_train_01187,到鼓楼怎么走,map,train
SMP_train_01188,合肥的大润发在哪,map,train
SMP_train_01189,怎么去泉城广场,map,train
SMP_train_01190,到合肥市逍遥津公园怎么走,map,train
SMP_train_01191,沿途有没有加油站,map,train
SMP_train_01192,到环都大酒店怎么走,map,train
SMP_train_01193,到公园怎么走,map,train
SMP_train_01194,我要去姜堰,map,train
SMP_train_01195,六安市飞云卫生院在哪里,map,train
SMP_train_01196,科大讯飞在哪里呀,map,train
SMP_train_01197,从这里到市中心怎么走,map,train
SMP_train_01198,查询北京到上海的路线,map,train
SMP_train_01199,讯飞语点我现在在哪里,map,train
SMP_train_01200,春熙路怎么走,map,train
SMP_train_01201,怎么去龙阳路,map,train
SMP_train_01202,到郑州火车站,map,train
SMP_train_01203,宁波机场在哪里,map,train
SMP_train_01204,从二手车市场到八一广场怎么走,map,train
SMP_train_01205,帮我查一下合肥市三孝口在哪里,map,train
SMP_train_01206,我所在地理位置,map,train
SMP_train_01207,帮我搜一下科大讯飞在哪,map,train
SMP_train_01208,查询沿途的KTV,map,train
SMP_train_01209,郑州火车站怎么走,map,train
SMP_train_01210,鹰潭到景德镇,map,train
SMP_train_01211,从我这里到科大讯飞走高速路线,map,train
SMP_train_01212,到薛城区怎么走,map,train
SMP_train_01213,南京火车站到南京农业大学,map,train
SMP_train_01214,告诉我西安的位置,map,train
SMP_train_01215,去汽车南站怎么走,map,train
SMP_train_01216,人民公园在哪里,map,train
SMP_train_01217,查一下到长途汽车站去的最省钱的线路,map,train
SMP_train_01218,我们现在在什么地方,map,train
SMP_train_01219,从我这里去芙蓉区政府怎么去,map,train
SMP_train_01220,南光集团怎么走,map,train
SMP_train_01221,导航到山东省菏泽市王浩屯镇,map,train
SMP_train_01222,昆山大润发在哪里,map,train
SMP_train_01223,帮我找到去安徽黄山的路,map,train
SMP_train_01224,到科大讯飞怎么走更快一些,map,train
SMP_train_01225,从新加坡花园怎么去宁溪路,map,train
SMP_train_01226,从观音桥到重庆市图书馆怎么走,map,train
SMP_train_01227,导航到建八路,map,train
SMP_train_01228,平阳怎么走吗,map,train
SMP_train_01229,移动公司在哪里呀,map,train
SMP_train_01230,广东省英德在哪里,map,train
SMP_train_01231,湘潭到常德怎么走,map,train
SMP_train_01232,查一下沿途的科大讯飞,map,train
SMP_train_01233,你知道中国科技大学在哪里吗,map,train
SMP_train_01234,从连云港到北京该怎么走,map,train
SMP_train_01235,宁乡到长沙怎么走,map,train
SMP_train_01236,带我去新都会,map,train
SMP_train_01237,导航去科大讯飞,map,train
SMP_train_01238,7月13号广州恒大俱乐部的比赛有哪些,match,train
SMP_train_01239,北京国安的赛程。,match,train
SMP_train_01240,播放，青岛中能的赛程。,match,train
SMP_train_01241,中超比赛结果，今天呢？,match,train
SMP_train_01242,中超比赛时间多少啊？,match,train
SMP_train_01243,我要听中超第二十，八轮的结果。,match,train
SMP_train_01244,江苏舜天队这个星期的比赛时间给我找出来,match,train
SMP_train_01245,北京国安5月23号比赛和谁踢,match,train
SMP_train_01246,2013年中国男足，主要赛程。,match,train
SMP_train_01247,中超比赛，结果。,match,train
SMP_train_01248,查询中超赛事。,match,train
SMP_train_01249,热火NBA季前赛的那个赛程。,match,train
SMP_train_01250,哦，中超比赛时间三比五。,match,train
SMP_train_01251,中超比赛时间，我。,match,train
SMP_train_01252,我想看足球中超，第25轮的比赛时间。,match,train
SMP_train_01253,上海申花的赛程。,match,train
SMP_train_01254,广州恒大亚冠联赛，比赛时间。,match,train
SMP_train_01255,NBA比赛时间。,match,train
SMP_train_01256,中超赛事预告吗？,match,train
SMP_train_01257,广州恒大的赛程。,match,train
SMP_train_01258,中超A组比赛结果分别是多少,match,train
SMP_train_01259,帮我搜一下中超3月份的对阵情况,match,train
SMP_train_01260,恒大山东鲁能比分是多少？,match,train
SMP_train_01261,国足最新赛程。,match,train
SMP_train_01262,发信息给盛吉,message,train
SMP_train_01263,给许浩发一条短信,message,train
SMP_train_01264,发短信给叶少云晚上要不要出去玩,message,train
SMP_train_01265,给杨燕姐发短信,message,train
SMP_train_01266,发短信给上海浦东发展银行　95528,message,train
SMP_train_01267,给张大萍发短信,message,train
SMP_train_01268,发短信,message,train
SMP_train_01269,发信息给老妈说我在吃饭,message,train
SMP_train_01270,给刘三发短信说我今天没有空,message,train
SMP_train_01271,发送短信给东莞李月华就说今天赶紧回来,message,train
SMP_train_01272,给晓琴发短信你在干吗,message,train
SMP_train_01273,给庄小雷发短信,message,train
SMP_train_01274,给于海洋发短信,message,train
SMP_train_01275,给张金波发短消息今天中午一起吃饭,message,train
SMP_train_01276,发信息给陈明哲,message,train
SMP_train_01277,给谢小培发短信今晚一起吃饭,message,train
SMP_train_01278,发信息给苏建江,message,train
SMP_train_01279,发短信给刘文说明天下午五点有聚会,message,train
SMP_train_01280,给黄尚君发短信,message,train
SMP_train_01281,给丹丹发信息我一会儿就回来别等我了,message,train
SMP_train_01282,发短信给张三说“画皮2在哪个台播出”,message,train
SMP_train_01283,给张倩倩发短信,message,train
SMP_train_01284,发短信给幺八六六七九零三五八零,message,train
SMP_train_01285,发短信给张三我明天去北京,message,train
SMP_train_01286,给靖哥哥发短信说我不回来吃饭了,message,train
SMP_train_01287,发信息给许路雨,message,train
SMP_train_01288,发短信给啊妈说车票买到了,message,train
SMP_train_01289,发短信给姐姐说晚上一起吃面条,message,train
SMP_train_01290,我现在要发一条信息,message,train
SMP_train_01291,给刘志发短信,message,train
SMP_train_01292,给刘西发短信,message,train
SMP_train_01293,给严巧发短信,message,train
SMP_train_01294,给梁辉坚发短信,message,train
SMP_train_01295,给张克达发短信,message,train
SMP_train_01296,给姐姐发短信我今天晚上晚点回去你就别等我吃饭,message,train
SMP_train_01297,发短信给幺五八三七五幺幺幺四幺,message,train
SMP_train_01298,给何建琴发短信,message,train
SMP_train_01299,给周玉发短信,message,train
SMP_train_01300,给马翊桐发信息,message,train
SMP_train_01301,发短信给贤想快点给我送早饭开门我饿死了,message,train
SMP_train_01302,给杨斌发短信,message,train
SMP_train_01303,给原波发短信,message,train
SMP_train_01304,给秦丽香发信息,message,train
SMP_train_01305,把王建春的电话号码发给张学政,message,train
SMP_train_01306,发短信给王亮说死人你在干什么呢,message,train
SMP_train_01307,给黄杠发短信,message,train
SMP_train_01308,发信息给熊伟,message,train
SMP_train_01309,帮我发条短信吧,message,train
SMP_train_01310,给青发短信,message,train
SMP_train_01311,发短信给王小露的,message,train
SMP_train_01312,给园园发短信,message,train
SMP_train_01313,发信息给学超,message,train
SMP_train_01314,发短信给幺零零八六内容是十一,message,train
SMP_train_01315,发信息给董昊老婆,message,train
SMP_train_01316,呃发信息给周玉豪,message,train
SMP_train_01317,发信息给健美,message,train
SMP_train_01318,给王帅发个短信说他让他起来尿尿,message,train
SMP_train_01319,给小阳发短信,message,train
SMP_train_01320,发条短信给张亚东,message,train
SMP_train_01321,发信息给老婆说我不回家吃饭了,message,train
SMP_train_01322,发送短信给陈群,message,train
SMP_train_01323,给杨李鹏发短信,message,train
SMP_train_01324,给德师傅发短信,message,train
SMP_train_01325,播放老婆最大。,music,train
SMP_train_01326,随便唱几首歌吧,music,train
SMP_train_01327,我想听歌曲传奇,music,train
SMP_train_01328,帮我找一首我的好兄弟,music,train
SMP_train_01329,我想听老婆这首歌,music,train
SMP_train_01330,播放眼色,music,train
SMP_train_01331,随便来首刘德华的歌。,music,train
SMP_train_01332,我想听想唱就唱,music,train
SMP_train_01333,我想听情花开这首歌,music,train
SMP_train_01334,放歌，天亮了。,music,train
SMP_train_01335,我要听还是会这首歌,music,train
SMP_train_01336,搜索歌曲公路,music,train
SMP_train_01337,播放黑猫警长。,music,train
SMP_train_01338,来首只爱你一个。,music,train
SMP_train_01339,我想听水墨丹青这首歌,music,train
SMP_train_01340,我听首歌,music,train
SMP_train_01341,找一首游鸿明的音乐,music,train
SMP_train_01342,我想亲亲我的宝贝这首歌,music,train
SMP_train_01343,听时间煮雨这首歌,music,train
SMP_train_01344,帮我查一下周杰伦的歌,music,train
SMP_train_01345,我想听你最珍贵这首音乐,music,train
SMP_train_01346,特莫文蔚的阴天。,music,train
SMP_train_01347,我想听首歌,music,train
SMP_train_01348,放一首音乐给我听,music,train
SMP_train_01349,我想听11年，这首歌哦。,music,train
SMP_train_01350,我要点一首小星星,music,train
SMP_train_01351,放一首其实我介意,music,train
SMP_train_01352,我想听求佛。,music,train
SMP_train_01353,给我来首好听的音乐,music,train
SMP_train_01354,放首陈奕迅的十年,music,train
SMP_train_01355,放首歌给我听吧,music,train
SMP_train_01356,我想听只对你有感觉,music,train
SMP_train_01357,给我随便来几首歌,music,train
SMP_train_01358,我要听情动这首歌。,music,train
SMP_train_01359,播放断点,music,train
SMP_train_01360,点播爱情买卖,music,train
SMP_train_01361,我想听世上只有妈妈好这首歌。,music,train
SMP_train_01362,我要听劝化这首歌,music,train
SMP_train_01363,来一首解脱,music,train
SMP_train_01364,随便给我放几首歌,music,train
SMP_train_01365,想听牵手这首歌,music,train
SMP_train_01366,找一首歌叫斑马斑马,music,train
SMP_train_01367,来首我的未来不是梦,music,train
SMP_train_01368,我想听莫失莫忘。,music,train
SMP_train_01369,我想听伤感歌曲,music,train
SMP_train_01370,来一首听你听我,music,train
SMP_train_01371,唱一首两只蝴蝶。,music,train
SMP_train_01372,来一首夜夜夜,music,train
SMP_train_01373,给我放首歌,music,train
SMP_train_01374,放首歌听一下你好,music,train
SMP_train_01375,来首快乐崇拜,music,train
SMP_train_01376,我想听春天里这首歌,music,train
SMP_train_01377,我想听忐忑这首歌打,music,train
SMP_train_01378,播放田园的歌,music,train
SMP_train_01379,我想听周杰伦的菊花台,music,train
SMP_train_01380,播放郁可唯的歌,music,train
SMP_train_01381,我想听音乐忘情水。,music,train
SMP_train_01382,唱一首简单爱,music,train
SMP_train_01383,来一首月亮惹的祸,music,train
SMP_train_01384,我想听蔡依林的倒带这首歌,music,train
SMP_train_01385,搜索电视剧插曲,music,train
SMP_train_01386,播放歌曲再见青春,music,train
SMP_train_01387,喂喂那个我说想听音乐呢,music,train
SMP_train_01388,王菲传奇。,music,train
SMP_train_01389,来一首宝贝对不起,music,train
SMP_train_01390,哦来一首青花瓷,music,train
SMP_train_01391,搜索娱乐新闻。,news,train
SMP_train_01392,美国最近有什么新闻,news,train
SMP_train_01393,告诉我今天的新闻内容,news,train
SMP_train_01394,有什么重大新闻,news,train
SMP_train_01395,我看看现在的最新新闻是什么？,news,train
SMP_train_01396,打开腾讯头条新闻,news,train
SMP_train_01397,零七播报新闻。,news,train
SMP_train_01398,请问一下军事新闻。,news,train
SMP_train_01399,龙岩新闻,news,train
SMP_train_01400,关于钓鱼岛的新闻进展,news,train
SMP_train_01401,答复，我要听新闻。,news,train
SMP_train_01402,听新闻，姨。,news,train
SMP_train_01403,来个最新新闻。,news,train
SMP_train_01404,最新的新闻播报一下,news,train
SMP_train_01405,我想听，新闻。,news,train
SMP_train_01406,我想听听今天的新闻。,news,train
SMP_train_01407,讲点新闻,news,train
SMP_train_01408,艳照门事件。,news,train
SMP_train_01409,但我想点新闻。,news,train
SMP_train_01410,今天杭州有什么新闻,news,train
SMP_train_01411,看一下今天早上新闻。,news,train
SMP_train_01412,钓鱼岛事件。,news,train
SMP_train_01413,总计今天的新闻。,news,train
SMP_train_01414,今天有什么军事新闻,news,train
SMP_train_01415,秦皇岛今天有什么新闻,news,train
SMP_train_01416,今天温州有什么新闻。,news,train
SMP_train_01417,我想听昨天晚上的新闻。,news,train
SMP_train_01418,艾莱冈给我点新闻。,news,train
SMP_train_01419,最近有什么热门新闻了。,news,train
SMP_train_01420,姨，最近有什么新闻。,news,train
SMP_train_01421,播放最近新闻。,news,train
SMP_train_01422,播新闻，湖南新闻。,news,train
SMP_train_01423,我想今天新闻最近有什么新的新闻？,news,train
SMP_train_01424,请给我讲一下今天的新闻吧！,news,train
SMP_train_01425,今天的新闻，欲,news,train
SMP_train_01426,我也听新闻。,news,train
SMP_train_01427,有什么重要新闻吗？,news,train
SMP_train_01428,多想听新闻，哦。,news,train
SMP_train_01429,帮我搜索一下今天的新闻,news,train
SMP_train_01430,看今天的新闻。,news,train
SMP_train_01431,国际新闻。,news,train
SMP_train_01432,报点新闻给我听。,news,train
SMP_train_01433,我想听足球类新闻,news,train
SMP_train_01434,看一下今天有什么新闻？,news,train
SMP_train_01435,我要听最近的新闻。,news,train
SMP_train_01436,播放最近的新闻。,news,train
SMP_train_01437,今天有什么新闻呢。,news,train
SMP_train_01438,看看有什么好新闻,news,train
SMP_train_01439,讯飞语音我想知道山东省东营市今天的新闻。,news,train
SMP_train_01440,加，听新闻。,news,train
SMP_train_01441,搜索最新新闻,news,train
SMP_train_01442,听听新闻。,news,train
SMP_train_01443,今天惠州新闻。,news,train
SMP_train_01444,现在看看有最新的新闻吗？,news,train
SMP_train_01445,今天的新闻有什么？,news,train
SMP_train_01446,我要听新闻，给我数。,news,train
SMP_train_01447,噗我想听新闻。,news,train
SMP_train_01448,今天东莞新闻。,news,train
SMP_train_01449,搜索中国共产党章程,novel,train
SMP_train_01450,可以找一下浪漫满屋的小说,novel,train
SMP_train_01451,查找校园小说沙漏第二部,novel,train
SMP_train_01452,我要看魔幻学院小说,novel,train
SMP_train_01453,我要看饶雪漫的小说左耳,novel,train
SMP_train_01454,最近好看的小说,novel,train
SMP_train_01455,搜索小说校园全能高手。,novel,train
SMP_train_01456,给我讲个长篇小说。,novel,train
SMP_train_01457,我要看现代重生小说,novel,train
SMP_train_01458,郭敬明的爱情小说《悲伤逆流成河》,novel,train
SMP_train_01459,我要看唐家三少写的玄幻小说绝世唐门,novel,train
SMP_train_01460,我要看灵异推理小说,novel,train
SMP_train_01461,我要看游戏异界小说,novel,train
SMP_train_01462,赶紧推荐一部小说。,novel,train
SMP_train_01463,你能搜到小说不？,novel,train
SMP_train_01464,我要看魔法神话小说,novel,train
SMP_train_01465,网上最火的小说有哪些,novel,train
SMP_train_01466,我要看免费的小说。,novel,train
SMP_train_01467,我要看古典仙侠小说,novel,train
SMP_train_01468,我要看校园小说致我们终将逝去的青春,novel,train
SMP_train_01469,玄幻小说 幻神,novel,train
SMP_train_01470,玄幻小说《武动乾坤》,novel,train
SMP_train_01471,我要看古言小说,novel,train
SMP_train_01472,《武动乾坤》,novel,train
SMP_train_01473,帮我找首诗。,poetry,train
SMP_train_01474,张，来首白居易的诗。,poetry,train
SMP_train_01475,给我背一首满江红。,poetry,train
SMP_train_01476,不是花中偏爱菊的下一句是什么？,poetry,train
SMP_train_01477,你好啊，再背首诗。,poetry,train
SMP_train_01478,来首宋词。,poetry,train
SMP_train_01479,搜索兰陵王。,poetry,train
SMP_train_01480,朗诵诗词。,poetry,train
SMP_train_01481,请背诵静夜思。,poetry,train
SMP_train_01482,古诗长恨歌。,poetry,train
SMP_train_01483,李白的诗词,poetry,train
SMP_train_01484,那就来一首李白的诗词。,poetry,train
SMP_train_01485,说一首唐诗吧！,poetry,train
SMP_train_01486,读一首古诗。,poetry,train
SMP_train_01487,我心照明月后面一句是什么？,poetry,train
SMP_train_01488,你给我念一首李白的诗。,poetry,train
SMP_train_01489,给我来首唐诗三百首。,poetry,train
SMP_train_01490,背将进酒。,poetry,train
SMP_train_01491,背一下春晓孟浩然。,poetry,train
SMP_train_01492,学而不厌，下一句是什么？,poetry,train
SMP_train_01493,人之初，性本善下一句是什么？,poetry,train
SMP_train_01494,思春夜喜雨下一句是。,poetry,train
SMP_train_01495,我想听首唐诗。,poetry,train
SMP_train_01496,朗读咏雪,poetry,train
SMP_train_01497,家，背首沁园春雪。,poetry,train
SMP_train_01498,给我来首绝句。,poetry,train
SMP_train_01499,请念一首毛泽东诗词。,poetry,train
SMP_train_01500,背诵一首唐诗,poetry,train
SMP_train_01501,来首李白的诗集。,poetry,train
SMP_train_01502,那你背首唐诗给我听。,poetry,train
SMP_train_01503,仓央嘉措的诗词。,poetry,train
SMP_train_01504,杜甫兵车行。,poetry,train
SMP_train_01505,锄禾日当午，下面一句是什么？,poetry,train
SMP_train_01506,您给我来一首，夏明翰的就义诗。,poetry,train
SMP_train_01507,各来一首李白的诗词。,poetry,train
SMP_train_01508,哪里香我来一首李白的诗。,poetry,train
SMP_train_01509,嗯，你来一首李白的诗词，的。,poetry,train
SMP_train_01510,背首静夜思来听一下。,poetry,train
SMP_train_01511,说一句，白居易的诗。,poetry,train
SMP_train_01512,来首甘露寺。,poetry,train
SMP_train_01513,来一首七言绝句。,poetry,train
SMP_train_01514,我要听宋词。,poetry,train
SMP_train_01515,落花不是无情物的下一句是什么？,poetry,train
SMP_train_01516,雄关漫道真如铁下一句是什么？,poetry,train
SMP_train_01517,李清照的诗。,poetry,train
SMP_train_01518,床前明月光下一句是怎么说,poetry,train
SMP_train_01519,来一首纳兰性德的词。,poetry,train
SMP_train_01520,分手时，背一首诗吧？,poetry,train
SMP_train_01521,你给我背一首白居易的诗。,poetry,train
SMP_train_01522,来一首白居易的长恨歌,poetry,train
SMP_train_01523,读一首唐诗。,poetry,train
SMP_train_01524,ok好，来首李白的诗词。,poetry,train
SMP_train_01525,李白的静夜思怎么读？,poetry,train
SMP_train_01526,来is，来一首采莲。,poetry,train
SMP_train_01527,蒋捷的宋词,poetry,train
SMP_train_01528,念个唐诗给我听。,poetry,train
SMP_train_01529,唐寅的诗。,poetry,train
SMP_train_01530,来一首唐诗吗？,poetry,train
SMP_train_01531,唐诗登高。,poetry,train
SMP_train_01532,来一首，灵岩。,poetry,train
SMP_train_01533,搜索蜀道难。,poetry,train
SMP_train_01534,那你爸给我背一首唐诗了。,poetry,train
SMP_train_01535,江山有奇峰，下一句。,poetry,train
SMP_train_01536,长风吹月渡海来下一句是什么？,poetry,train
SMP_train_01537,来一首李煜的词。,poetry,train
SMP_train_01538,呵呵，背首诗来听。,poetry,train
SMP_train_01539,满园花菊郁金黄的下一句是什么？,poetry,train
SMP_train_01540,给我背个李白的诗。,poetry,train
SMP_train_01541,读句诗来听听。,poetry,train
SMP_train_01542,所以说李白的诗。,poetry,train
SMP_train_01543,给我念首古诗。,poetry,train
SMP_train_01544,再来背一首毛泽东的诗词。,poetry,train
SMP_train_01545,朗读游子吟。,poetry,train
SMP_train_01546,那就来一首李白的诗词吗？,poetry,train
SMP_train_01547,恶念首唐诗。,poetry,train
SMP_train_01548,搜搜一首毛泽东的诗。,poetry,train
SMP_train_01549,杜甫的诗。,poetry,train
SMP_train_01550,背一首春晓,poetry,train
SMP_train_01551,背屈原的离骚,poetry,train
SMP_train_01552,背一首，纳兰容若的词。,poetry,train
SMP_train_01553,查一首古诗，武林春。,poetry,train
SMP_train_01554,江涵秋影雁初飞的下一句是什么？,poetry,train
SMP_train_01555,来一句唐诗呗！,poetry,train
SMP_train_01556,我背一下春晓。,poetry,train
SMP_train_01557,搜索古诗绝句。,poetry,train
SMP_train_01558,我要听李白的诗。,poetry,train
SMP_train_01559,何以解忧的下一句是什么？,poetry,train
SMP_train_01560,去网上搜索兰陵王。,poetry,train
SMP_train_01561,给我来一首山歌吗？,poetry,train
SMP_train_01562,来首唐诗小池,poetry,train
SMP_train_01563,来一首咏柳。,poetry,train
SMP_train_01564,帮我来一首兰陵王。,poetry,train
SMP_train_01565,月咏牡丹的下一句，是什么？,poetry,train
SMP_train_01566,那你给我背一首唐诗吧！,poetry,train
SMP_train_01567,背首绝句的。,poetry,train
SMP_train_01568,诗词满江红。,poetry,train
SMP_train_01569,嫁鸡随鸡下面一句是什么？,poetry,train
SMP_train_01570,给我念首春晓。,poetry,train
SMP_train_01571,李白的将进酒。,poetry,train
SMP_train_01572,来首苏轼的词。,poetry,train
SMP_train_01573,老朗诵首古诗。,poetry,train
SMP_train_01574,念首诗听一下。,poetry,train
SMP_train_01575,调频fm九十七点一,radio,train
SMP_train_01576,收听中国人民广播电台广播,radio,train
SMP_train_01577,调频到fm八八五,radio,train
SMP_train_01578,98.4香港电台第四台,radio,train
SMP_train_01579,调幅am六百二十八,radio,train
SMP_train_01580,肥东人民广播电台调频FM101.3,radio,train
SMP_train_01581,调频fm九十六点三,radio,train
SMP_train_01582,调频到fm八九八,radio,train
SMP_train_01583,请帮我调频89.7上虞人民广播电台,radio,train
SMP_train_01584,打开调频FM107南平人民广播电台,radio,train
SMP_train_01585,请帮我调频89.6武汉交通广播电台,radio,train
SMP_train_01586,请帮我调频106.1长沙音乐广播电台,radio,train
SMP_train_01587,请帮我调频97.5湖南人民广播电台文艺台,radio,train
SMP_train_01588,麻烦您可不可以帮我调频99.3嘉善人民广播电台,radio,train
SMP_train_01589,麻烦您能否帮我调频97.1汉中音乐广播电台,radio,train
SMP_train_01590,本省农村广播,radio,train
SMP_train_01591,帮我调频92.4中国国际广播电台行不行？,radio,train
SMP_train_01592,能帮我收听淄博音乐广播,radio,train
SMP_train_01593,请帮我调一下电台到镇江新闻广播,radio,train
SMP_train_01594,fm九零二,radio,train
SMP_train_01595,麻烦您可不可以帮我调频98.5扬州人民广播电台新闻台,radio,train
SMP_train_01596,能不能帮我接听中广流行网,radio,train
SMP_train_01597,一起听听新疆人民广播电台,radio,train
SMP_train_01598,请帮我调频105.8南京人民广播电台音乐台,radio,train
SMP_train_01599,那来个灯谜吧！,riddle,train
SMP_train_01600,打一个灯谜啊，你。,riddle,train
SMP_train_01601,灯谜惑下。,riddle,train
SMP_train_01602,再来一个脑筋急转弯,riddle,train
SMP_train_01603,猜个谜语哦。,riddle,train
SMP_train_01604,打一个谜语男人的腿残。,riddle,train
SMP_train_01605,也来个灯谜吗？,riddle,train
SMP_train_01606,让我猜个谜语。,riddle,train
SMP_train_01607,我给你说个，我给你说个谜语你猜得出来吗？,riddle,train
SMP_train_01608,脑筋急转弯呗！,riddle,train
SMP_train_01609,讲一个谜语和答案。,riddle,train
SMP_train_01610,来个字谜我猜一下。,riddle,train
SMP_train_01611,你会猜谜语吗？,riddle,train
SMP_train_01612,字谜你。,riddle,train
SMP_train_01613,来一个字谜，二。,riddle,train
SMP_train_01614,查个字谜。,riddle,train
SMP_train_01615,我要猜字谜不笨有答案。,riddle,train
SMP_train_01616,我要猜一个字谜。,riddle,train
SMP_train_01617,给我讲一个谜语吧！,riddle,train
SMP_train_01618,给我搜索脑筋急转弯。,riddle,train
SMP_train_01619,来个脑筋急转弯儿。,riddle,train
SMP_train_01620,来个字谜吗？,riddle,train
SMP_train_01621,讲一个谜语，啊，你，哦。,riddle,train
SMP_train_01622,打个谜语吧！,riddle,train
SMP_train_01623,讲个谜语猜一下。,riddle,train
SMP_train_01624,脑筋急转弯，孙。,riddle,train
SMP_train_01625,啊脑筋急转弯啊,riddle,train
SMP_train_01626,来个灯谜吧！,riddle,train
SMP_train_01627,不是我是说我给你猜个谜语吧！,riddle,train
SMP_train_01628,讲个脑筋急转弯，我，我格，你是谁？,riddle,train
SMP_train_01629,来一个灯谜，你。,riddle,train
SMP_train_01630,爆笑谜语,riddle,train
SMP_train_01631,你给我说几个谜语。,riddle,train
SMP_train_01632,搞笑谜语。,riddle,train
SMP_train_01633,明天早晨8:10的闹钟。,schedule,train
SMP_train_01634,明早8:10闹钟。,schedule,train
SMP_train_01635,给我定个8:10的闹钟。,schedule,train
SMP_train_01636,查看最近的日程,schedule,train
SMP_train_01637,十分钟后叫我起床。,schedule,train
SMP_train_01638,设置定时关机。,schedule,train
SMP_train_01639,每天8:10起床。,schedule,train
SMP_train_01640,提醒我明天约了老同学的小聚一下。,schedule,train
SMP_train_01641,取消明天的闹钟,schedule,train
SMP_train_01642,明天8:10叫我啊!,schedule,train
SMP_train_01643,设置提醒。,schedule,train
SMP_train_01644,提醒我明天约老同学。,schedule,train
SMP_train_01645,明早8:10叫醒我。,schedule,train
SMP_train_01646,清空提醒,schedule,train
SMP_train_01647,明天上午8:10叫我起床。,schedule,train
SMP_train_01648,设定闹钟。,schedule,train
SMP_train_01649,提醒我明天约了。,schedule,train
SMP_train_01650,晚上8:10叫我起床。,schedule,train
SMP_train_01651,听到没有，提醒我晚上有约会记得穿正装,schedule,train
SMP_train_01652,本周还有什么待办事项,schedule,train
SMP_train_01653,把在1607的会议修改到1608,schedule,train
SMP_train_01654,帮我设定8:10的闹钟。,schedule,train
SMP_train_01655,帮我调明天8:10的闹钟。,schedule,train
SMP_train_01656,什么时候和张三去步行街,schedule,train
SMP_train_01657,8:10提醒我吃药。,schedule,train
SMP_train_01658,提醒我8:10起床。,schedule,train
SMP_train_01659,给我定一个8:10的闹钟。,schedule,train
SMP_train_01660,帮我调明天早上8:10的闹钟。,schedule,train
SMP_train_01661,另一个8:10的闹钟。,schedule,train
SMP_train_01662,查询大力传媒的股票,stock,train
SMP_train_01663,平安保险的股票价格,stock,train
SMP_train_01664,永辉超市股份的价格,stock,train
SMP_train_01665,看一下中式传媒股票的涨跌幅,stock,train
SMP_train_01666,科大讯飞昨日成交价,stock,train
SMP_train_01667,查询一下讯飞科大今天的股票,stock,train
SMP_train_01668,中国银行是跌了还是涨了,stock,train
SMP_train_01669,五零零零零五的市值高不高,stock,train
SMP_train_01670,南钢,stock,train
SMP_train_01671,腾讯公司的股票,stock,train
SMP_train_01672,我要查股票,stock,train
SMP_train_01673,五八零零二二的市盈率是多少,stock,train
SMP_train_01674,查询三一重工股票,stock,train
SMP_train_01675,中国石化的股票是涨还是跌,stock,train
SMP_train_01676,上海能源这支股票怎么样,stock,train
SMP_train_01677,所以查学西宁特钢的股票,stock,train
SMP_train_01678,江苏阳光的股票怎么样了,stock,train
SMP_train_01679,居然股份股票怎么样,stock,train
SMP_train_01680,搜索中国移动股票,stock,train
SMP_train_01681,查询东吴证券的股票,stock,train
SMP_train_01682,陈娴TCL股票是涨还是跌了,stock,train
SMP_train_01683,查询海螺水泥的股票,stock,train
SMP_train_01684,章源钨业,stock,train
SMP_train_01685,中国银行股票怎么样,stock,train
SMP_train_01686,中国太保股票,stock,train
SMP_train_01687,查询洛阳钼业的股票,stock,train
SMP_train_01688,查询科大讯飞的股价,stock,train
SMP_train_01689,我想知道科大讯飞的市值,stock,train
SMP_train_01690,查下李宁公司的股票,stock,train
SMP_train_01691,伊利股份,stock,train
SMP_train_01692,腾讯股票昨日收盘价,stock,train
SMP_train_01693,上海宝钢股票,stock,train
SMP_train_01694,中国工商银行的股票,stock,train
SMP_train_01695,六零零零三六昨天的涨跌幅情况,stock,train
SMP_train_01696,蓝鹰股票,stock,train
SMP_train_01697,伊利股份股票,stock,train
SMP_train_01698,我想看一下科大讯飞的股票,stock,train
SMP_train_01699,通宝能源股票,stock,train
SMP_train_01700,查寻上海能源的股票,stock,train
SMP_train_01701,宏达高科的股票跌了没有,stock,train
SMP_train_01702,查一查同方股份的股票,stock,train
SMP_train_01703,搜索蒙牛的股市行情,stock,train
SMP_train_01704,招商银行港股的股价,stock,train
SMP_train_01705,青岛海信股票,stock,train
SMP_train_01706,我想看看股票零零二幺幺八紫鑫药业股吧,stock,train
SMP_train_01707,百大,stock,train
SMP_train_01708,富瑞特装股票,stock,train
SMP_train_01709,查询濮耐股份的股票,stock,train
SMP_train_01710,包钢稀土股票价格,stock,train
SMP_train_01711,零零二三零六的股票,stock,train
SMP_train_01712,查询一汽轿车股票,stock,train
SMP_train_01713,查下银星能源股票,stock,train
SMP_train_01714,中信证券股票,stock,train
SMP_train_01715,搜索泰亚股份股票,stock,train
SMP_train_01716,搜索中国移动的股市行情,stock,train
SMP_train_01717,讯飞科技股票价格,stock,train
SMP_train_01718,永高股份的股票,stock,train
SMP_train_01719,查一下零零零八六八的股票行情,stock,train
SMP_train_01720,中水渔业的股票,stock,train
SMP_train_01721,煤炭板块股票查询,stock,train
SMP_train_01722,安徽合力股票,stock,train
SMP_train_01723,天利,stock,train
SMP_train_01724,代码000800的股票涨幅是多少,stock,train
SMP_train_01725,截止目前银鸽投资股份的市值是多少,stock,train
SMP_train_01726,股票零零零零零二,stock,train
SMP_train_01727,科大讯飞今天的股票,stock,train
SMP_train_01728,人福医药股票,stock,train
SMP_train_01729,杰瑞股份股价,stock,train
SMP_train_01730,美菱电器的昨日收盘价是多少,stock,train
SMP_train_01731,查寻科大讯飞的股,stock,train
SMP_train_01732,查寻天龙集团的股票,stock,train
SMP_train_01733,拨打张月华的电话,telephone,train
SMP_train_01734,打给曾玮文,telephone,train
SMP_train_01735,给小鱼打电话,telephone,train
SMP_train_01736,呼叫鹏鹏,telephone,train
SMP_train_01737,我想打电话给李四,telephone,train
SMP_train_01738,给幺零零幺零打电话,telephone,train
SMP_train_01739,打电话,telephone,train
SMP_train_01740,打电话给之山,telephone,train
SMP_train_01741,打打给胡磊,telephone,train
SMP_train_01742,呼叫广岁,telephone,train
SMP_train_01743,打电话给大哥,telephone,train
SMP_train_01744,打电话给艾背,telephone,train
SMP_train_01745,打电话给王安娜,telephone,train
SMP_train_01746,打电话给小女儿,telephone,train
SMP_train_01747,打电话给my god,telephone,train
SMP_train_01748,拨打电话给庄开森,telephone,train
SMP_train_01749,打电话零九一零二五六五三五四,telephone,train
SMP_train_01750,帮我打电话给港铁轮,telephone,train
SMP_train_01751,打电话给摩托老师,telephone,train
SMP_train_01752,打电话给奥巴马,telephone,train
SMP_train_01753,拨打电话办公吴菲,telephone,train
SMP_train_01754,拨打幺零零八六一一,telephone,train
SMP_train_01755,幺三八五幺二九二四幺四,telephone,train
SMP_train_01756,打一下公司张总的电话,telephone,train
SMP_train_01757,呼叫徐媛,telephone,train
SMP_train_01758,拨号曹兴发,telephone,train
SMP_train_01759,打电话给魏文强,telephone,train
SMP_train_01760,打电话给郑艺红,telephone,train
SMP_train_01761,给高兴打电话,telephone,train
SMP_train_01762,打电话陈雪莉,telephone,train
SMP_train_01763,打电话给陈雷,telephone,train
SMP_train_01764,四八七三一六六,telephone,train
SMP_train_01765,给张张打电话,telephone,train
SMP_train_01766,打给亲爱的楼,telephone,train
SMP_train_01767,给吴方婷打电话,telephone,train
SMP_train_01768,打电话给美华,telephone,train
SMP_train_01769,打电话给幺三二三五六二零二五五,telephone,train
SMP_train_01770,给万结打电话,telephone,train
SMP_train_01771,幺三零二三八四七三四二,telephone,train
SMP_train_01772,打电话给潘立长,telephone,train
SMP_train_01773,给王涛打电话,telephone,train
SMP_train_01774,打电话给阿敏,telephone,train
SMP_train_01775,给金华打电话,telephone,train
SMP_train_01776,给我接听电话,telephone,train
SMP_train_01777,拨打陈艾电话,telephone,train
SMP_train_01778,打电话给丹丹移动,telephone,train
SMP_train_01779,打电话给李新颖,telephone,train
SMP_train_01780,呼叫a 二小姐,telephone,train
SMP_train_01781,打电话给胖头,telephone,train
SMP_train_01782,听电话,telephone,train
SMP_train_01783,幺三五八四四七零五零二,telephone,train
SMP_train_01784,打石宝电话,telephone,train
SMP_train_01785,给木九超打电话,telephone,train
SMP_train_01786,打电话给王宇婕,telephone,train
SMP_train_01787,打电话给幺三八八九六七五八六七,telephone,train
SMP_train_01788,呼叫零二二二九一一四八六,telephone,train
SMP_train_01789,打电话给张志国,telephone,train
SMP_train_01790,打电话到飞云,telephone,train
SMP_train_01791,打电话给大培,telephone,train
SMP_train_01792,你给朴叔打电话,telephone,train
SMP_train_01793,拨打幺三九七七零九八七七六,telephone,train
SMP_train_01794,打电话给三路店,telephone,train
SMP_train_01795,打电话给卢静,telephone,train
SMP_train_01796,有上海到昆山的火车吗,train,train
SMP_train_01797,从合肥到北京的列车,train,train
SMP_train_01798,查一下杭州到鹰潭的火车票,train,train
SMP_train_01799,查一下到洛阳的高铁,train,train
SMP_train_01800,从长沙到北京的列车,train,train
SMP_train_01801,潍坊到济南的火车票,train,train
SMP_train_01802,查询柳州到昆明的列车,train,train
SMP_train_01803,列车深圳到广州,train,train
SMP_train_01804,贵溪至泉州的火车票,train,train
SMP_train_01805,贵阳至长沙的火车票,train,train
SMP_train_01806,上饶到南昌的火车票,train,train
SMP_train_01807,合肥到芜湖的火车票,train,train
SMP_train_01808,厦门到福建建阳的火车是几点呢,train,train
SMP_train_01809,潜山到福州的火车,train,train
SMP_train_01810,查寻来宾到柳州的火车,train,train
SMP_train_01811,深圳至合肥的火车票,train,train
SMP_train_01812,查一下潍坊到威海的火车票,train,train
SMP_train_01813,广州到南宁的火车,train,train
SMP_train_01814,湖北荆州到黄石的火车,train,train
SMP_train_01815,后天上海到烟台的火车,train,train
SMP_train_01816,明天到郑州的火车,train,train
SMP_train_01817,查一下南昌到南京的火车,train,train
SMP_train_01818,从合肥去西安的火车,train,train
SMP_train_01819,帮我查一下临海到上海的火车,train,train
SMP_train_01820,请查询丰城到南昌的火车列车列车时刻表,train,train
SMP_train_01821,明天广州到北京的火车,train,train
SMP_train_01822,帮我网上订车票,train,train
SMP_train_01823,去广州的火车票,train,train
SMP_train_01824,安阳到郑州的火车,train,train
SMP_train_01825,帮我查询一下温州到上海的火车,train,train
SMP_train_01826,杭州南站到龙游的火车有哪几班,train,train
SMP_train_01827,北京到镇江的火车,train,train
SMP_train_01828,查一下那个南京到昆明的火车,train,train
SMP_train_01829,查一下苏州到洛阳的火车票,train,train
SMP_train_01830,南京到厦门的火车票,train,train
SMP_train_01831,明天到合肥的火车,train,train
SMP_train_01832,查询安阳到郑州的动车,train,train
SMP_train_01833,查看滁州到南京的火车票,train,train
SMP_train_01834,明天有火车到襄阳吗,train,train
SMP_train_01835,枣庄到淄博的火车票,train,train
SMP_train_01836,明天南京到徐州的火车,train,train
SMP_train_01837,温州到瑞昌的火车,train,train
SMP_train_01838,查一下济南到潍坊昌乐的火车,train,train
SMP_train_01839,厦门到赣州的火车票,train,train
SMP_train_01840,查查一下连江到湛江的火车票,train,train
SMP_train_01841,洛阳至西安的火车,train,train
SMP_train_01842,到北京的火车班次,train,train
SMP_train_01843,查下温州到杭州的火车票,train,train
SMP_train_01844,帮我在百度里搜一下东莞到北京的火车,train,train
SMP_train_01845,帮我查一下赣州到南昌的火车票,train,train
SMP_train_01846,查一下合肥到淮南明天的火车,train,train
SMP_train_01847,宿州到北京的火车有哪些,train,train
SMP_train_01848,帮我查一下广州到深圳的火车,train,train
SMP_train_01849,到无锡到北京的火车有几趟了,train,train
SMP_train_01850,查一下兰州到成都的火车票,train,train
SMP_train_01851,广州去昆明的火车,train,train
SMP_train_01852,明天去蚌埠的车票,train,train
SMP_train_01853,去枣庄的火车,train,train
SMP_train_01854,查询宜春到南昌的火车列车时刻表,train,train
SMP_train_01855,四月六号南宁到上海的火车,train,train
SMP_train_01856,深圳到开封的火车,train,train
SMP_train_01857,帮我查一下洛阳到赣州的火车,train,train
SMP_train_01858,明天去滁州的火车,train,train
SMP_train_01859,查一下上海到苏州的火车票,train,train
SMP_train_01860,明天有没有洛阳到西安的高铁,train,train
SMP_train_01861,查询泉州到上海的动车票,train,train
SMP_train_01862,帮我查一下苏州到上海的火车,train,train
SMP_train_01863,广州到孝感的火车,train,train
SMP_train_01864,查询昆明到合肥的火车,train,train
SMP_train_01865,帮我查一下赣州到杭州的火车票,train,train
SMP_train_01866,很高兴认识你英语怎么说啊,translation,train
SMP_train_01867,中国制用英文怎么说,translation,train
SMP_train_01868,翻译李淼,translation,train
SMP_train_01869,你叫什么名字翻译一下,translation,train
SMP_train_01870,香蕉的英语怎么说,translation,train
SMP_train_01871,我们做爱吧用英文怎么说,translation,train
SMP_train_01872,今天是个好日子的英文怎么讲,translation,train
SMP_train_01873,五用英语怎么说,translation,train
SMP_train_01874,智能手机英语怎么说,translation,train
SMP_train_01875,福尔摩探案急翻译成英文,translation,train
SMP_train_01876,橙子的英文怎么说,translation,train
SMP_train_01877,书包用英语怎么说,translation,train
SMP_train_01878,你怎么了英文怎么讲,translation,train
SMP_train_01879,翻译爸爸,translation,train
SMP_train_01880,帮我翻译一下我饿了,translation,train
SMP_train_01881,翻译共产党员,translation,train
SMP_train_01882,我去飞机场英语怎么说,translation,train
SMP_train_01883,我不知道的英文怎么说,translation,train
SMP_train_01884,我正在睡觉用英语怎么说,translation,train
SMP_train_01885,你去哪用英文怎么说,translation,train
SMP_train_01886,晚安的英语,translation,train
SMP_train_01887,翻译慷慨激昂,translation,train
SMP_train_01888,我来自美国是一个地地道道的美国人用英语怎么说,translation,train
SMP_train_01889,请翻译苹果,translation,train
SMP_train_01890,一加一用英语怎么说,translation,train
SMP_train_01891,我今天帮爷爷洗衣服的英文怎么说,translation,train
SMP_train_01892,中国共产主义的英文怎么说,translation,train
SMP_train_01893,茶用英语怎么说呀,translation,train
SMP_train_01894,出租车的英文怎么说,translation,train
SMP_train_01895,翻译牛,translation,train
SMP_train_01896,阴精英语怎么说,translation,train
SMP_train_01897,庞军军英语怎么说,translation,train
SMP_train_01898,早点死英文怎么翻译,translation,train
SMP_train_01899,我今天去北京了英语怎么说,translation,train
SMP_train_01900,时间的英文怎么讲,translation,train
SMP_train_01901,翻译一下明天我跳河自杀,translation,train
SMP_train_01902,晚上好用英语怎么说,translation,train
SMP_train_01903,香蕉用英语怎么讲,translation,train
SMP_train_01904,腿英文怎么说,translation,train
SMP_train_01905,我饿用英文怎么说,translation,train
SMP_train_01906,安哥拉的英文是什么,translation,train
SMP_train_01907,你去玩手机了吧用英语怎么说,translation,train
SMP_train_01908,我喜欢亚楠用英语怎么说,translation,train
SMP_train_01909,我要和妹妹睡觉英语怎么说,translation,train
SMP_train_01910,一千五英语怎么说,translation,train
SMP_train_01911,你好丑用英文怎么说,translation,train
SMP_train_01912,去你的用英文怎么说,translation,train
SMP_train_01913,当前不再呼叫英语怎么说,translation,train
SMP_train_01914,小说英语怎么说,translation,train
SMP_train_01915,大家今天心情如何用英语怎么说,translation,train
SMP_train_01916,你今天去了哪里用英文怎么讲,translation,train
SMP_train_01917,西红柿用英语怎么说,translation,train
SMP_train_01918,我想打你英语怎么说,translation,train
SMP_train_01919,桔子英文怎么说,translation,train
SMP_train_01920,睡觉用英文怎么说,translation,train
SMP_train_01921,我不在家英语怎么说,translation,train
SMP_train_01922,你叫什么名字英文怎么说,translation,train
SMP_train_01923,帮我翻译一下番茄,translation,train
SMP_train_01924,我不明白用英文怎么讲,translation,train
SMP_train_01925,我不吃英文怎么讲,translation,train
SMP_train_01926,很高兴见到你英文怎么讲,translation,train
SMP_train_01927,北京财经,tvchannel,train
SMP_train_01928,中央十一台,tvchannel,train
SMP_train_01929,我想看高尔夫网球频道,tvchannel,train
SMP_train_01930,打开珠江台,tvchannel,train
SMP_train_01931,宁波一台,tvchannel,train
SMP_train_01932,先锋乒羽,tvchannel,train
SMP_train_01933,高清江苏,tvchannel,train
SMP_train_01934,CCTV四套,tvchannel,train
SMP_train_01935,东方台,tvchannel,train
SMP_train_01936,CCTV8高清电视剧,tvchannel,train
SMP_train_01937,电视台列表,tvchannel,train
SMP_train_01938,甘肃台,tvchannel,train
SMP_train_01939,中央电视台电影频道,tvchannel,train
SMP_train_01940,高清央视综合频道,tvchannel,train
SMP_train_01941,高清央视综艺,tvchannel,train
SMP_train_01942,BTVKAKU少儿,tvchannel,train
SMP_train_01943,打开江苏卫视,tvchannel,train
SMP_train_01944,天津电视台的国际频道，拜托了哈,tvchannel,train
SMP_train_01945,切换到a t v,tvchannel,train
SMP_train_01946,帮我调转到风云音乐频道,tvchannel,train
SMP_train_01947,找湖南卫视,tvchannel,train
SMP_train_01948,老故事,tvchannel,train
SMP_train_01949,央视1高清,tvchannel,train
SMP_train_01950,高淳转播2,tvchannel,train
SMP_train_01951,我要看c c t v一,tvchannel,train
SMP_train_01952,央视综合高清,tvchannel,train
SMP_train_01953,我要看下中央六套,tvchannel,train
SMP_train_01954,CCTV7军事农业,tvchannel,train
SMP_train_01955,远教四台,tvchannel,train
SMP_train_01956,安徽综艺,tvchannel,train
SMP_train_01957,我看呀中央五台,tvchannel,train
SMP_train_01958,游戏竞技频道,tvchannel,train
SMP_train_01959,帮我打开c c t v五,tvchannel,train
SMP_train_01960,我要看湖南台,tvchannel,train
SMP_train_01961,女性时尚,tvchannel,train
SMP_train_01962,CCTV6电影高清,tvchannel,train
SMP_train_01963,江苏教育台,tvchannel,train
SMP_train_01964,高尔夫网球,tvchannel,train
SMP_train_01965,北京财经台,tvchannel,train
SMP_train_01966,中央台五套,tvchannel,train
SMP_train_01967,西藏卫视,tvchannel,train
SMP_train_01968,哦我想看中央一台,tvchannel,train
SMP_train_01969,打开浦口新闻综合频道,tvchannel,train
SMP_train_01970,浙江电视台,tvchannel,train
SMP_train_01971,听江苏交通广播网,tvchannel,train
SMP_train_01972,帮我调到安徽卫视,tvchannel,train
SMP_train_01973,CCTV记录,tvchannel,train
SMP_train_01974,江苏影视,tvchannel,train
SMP_train_01975,CCTV少儿,tvchannel,train
SMP_train_01976,湖北电视台高清,tvchannel,train
SMP_train_01977,央3,tvchannel,train
SMP_train_01978,中央八,tvchannel,train
SMP_train_01979,帮我切换到湖南卫视,tvchannel,train
SMP_train_01980,陕西二套,tvchannel,train
SMP_train_01981,我想看c c t v 一频道,tvchannel,train
SMP_train_01982,我要看中央五台,tvchannel,train
SMP_train_01983,江苏影视台,tvchannel,train
SMP_train_01984,AXN,tvchannel,train
SMP_train_01985,就是很想看一下大众影院,tvchannel,train
SMP_train_01986,高清深圳台,tvchannel,train
SMP_train_01987,海南旅游卫视,tvchannel,train
SMP_train_01988,调到新疆综艺,tvchannel,train
SMP_train_01989,吉林电视台,tvchannel,train
SMP_train_01990,央视精品节目,tvchannel,train
SMP_train_01991,c c t v法语频道,tvchannel,train
SMP_train_01992,在线观看中央七套,tvchannel,train
SMP_train_01993,中国教育电视台三台,tvchannel,train
SMP_train_01994,换江苏卫视,tvchannel,train
SMP_train_01995,福建电视台,tvchannel,train
SMP_train_01996,电子竞技场,tvchannel,train
SMP_train_01997,浙江台,tvchannel,train
SMP_train_01998,金瓶梅,video,train
SMP_train_01999,帮我找一找龙门飞甲,video,train
SMP_train_02000,看中国好声音,video,train
SMP_train_02001,智慧树,video,train
SMP_train_02002,开心大冒险,video,train
SMP_train_02003,亲爱的孟凯韬,video,train
SMP_train_02004,看空霸,video,train
SMP_train_02005,汉武大帝,video,train
SMP_train_02006,魔幻剧,video,train
SMP_train_02007,蓝精灵电影,video,train
SMP_train_02008,情债,video,train
SMP_train_02009,苍狼,video,train
SMP_train_02010,我要当八路军,video,train
SMP_train_02011,大头儿子小头爸爸,video,train
SMP_train_02012,最美的时光,video,train
SMP_train_02013,五号特工组,video,train
SMP_train_02014,13年孙红雷演的片子,video,train
SMP_train_02015,爱在何方第三期,video,train
SMP_train_02016,那么最近有什么好电影呢？,video,train
SMP_train_02017,来点张艺谋出演的节目,video,train
SMP_train_02018,我想看搞定岳父大人电影,video,train
SMP_train_02019,电影中国合伙人,video,train
SMP_train_02020,花开半夏,video,train
SMP_train_02021,查找电影,video,train
SMP_train_02022,动画片,video,train
SMP_train_02023,知青,video,train
SMP_train_02024,给我找最新的盗梦空间,video,train
SMP_train_02025,死亡复生,video,train
SMP_train_02026,好无聊哇有什么好看的电影,video,train
SMP_train_02027,女人的颜色六十九集,video,train
SMP_train_02028,歧路兄弟,video,train
SMP_train_02029,想唱就唱,video,train
SMP_train_02030,查找桑拿,video,train
SMP_train_02031,搜索最近的，科幻电影。,video,train
SMP_train_02032,忍者之路,video,train
SMP_train_02033,爱在旅途,video,train
SMP_train_02034,想看韩剧,video,train
SMP_train_02035,狄仁杰之通天帝国视频,video,train
SMP_train_02036,打开节目搜索,video,train
SMP_train_02037,请帮我放一下剩女保镖,video,train
SMP_train_02038,美国恐怖电影,video,train
SMP_train_02039,来一个选秀节目,video,train
SMP_train_02040,杨幂演的恐怖片,video,train
SMP_train_02041,帮我打开步步惊心,video,train
SMP_train_02042,最近有什么好看的电视连续剧武打的。,video,train
SMP_train_02043,我想看大武当电影,video,train
SMP_train_02044,小兵张嘎电影儿,video,train
SMP_train_02045,打开新闻,video,train
SMP_train_02046,要看名侦探柯南,video,train
SMP_train_02047,播七龙珠,video,train
SMP_train_02048,满秋,video,train
SMP_train_02049,请帮我查找一下奥特曼大电影,video,train
SMP_train_02050,动画片巴啦啦小魔仙,video,train
SMP_train_02051,好看足球比赛,video,train
SMP_train_02052,查最近的电影。,video,train
SMP_train_02053,北疆战士,video,train
SMP_train_02054,女子特警队之火凤凰,video,train
SMP_train_02055,当婆婆遇上妈,video,train
SMP_train_02056,爱情公约,video,train
SMP_train_02057,高清动作电影,video,train
SMP_train_02058,我想看周星驰的喜剧电影喜剧之王,video,train
SMP_train_02059,乌鸦二电视没,video,train
SMP_train_02060,斯皮尔伯格导演的电影,video,train
SMP_train_02061,魔幻手机,video,train
SMP_train_02062,幻影忍者,video,train
SMP_train_02063,古惑仔,video,train
SMP_train_02064,电影私人定制,video,train
SMP_train_02065,看东方,video,train
SMP_train_02066,看乡村爱情,video,train
SMP_train_02067,香港杜琪峰导演的喜剧孤男寡女,video,train
SMP_train_02068,劲爆在车,video,train
SMP_train_02069,我想要看很火的电影,video,train
SMP_train_02070,90年代林心如演的电视剧,video,train
SMP_train_02071,妖精的尾巴,video,train
SMP_train_02072,风车第十五集,video,train
SMP_train_02073,杨三姐告状,video,train
SMP_train_02074,情景剧电视剧,video,train
SMP_train_02075,搜索国外大片,video,train
SMP_train_02076,赛罗奥特曼,video,train
SMP_train_02077,我想看变形金刚三,video,train
SMP_train_02078,看看最近有什么电影？,video,train
SMP_train_02079,查一下最近有什么电影？,video,train
SMP_train_02080,看上周五的爸爸我去哪儿,video,train
SMP_train_02081,我的爱金枝玉叶,video,train
SMP_train_02082,有什么新电影,video,train
SMP_train_02083,妈妈的花样年华,video,train
SMP_train_02084,我要看李连杰的电影,video,train
SMP_train_02085,狸猫换太子,video,train
SMP_train_02086,有没有张艺谋导演的热门电影,video,train
SMP_train_02087,刘诗诗主演过的电影,video,train
SMP_train_02088,老版红楼梦,video,train
SMP_train_02089,一个鬼子都不留,video,train
SMP_train_02090,我想看爱情闯进门,video,train
SMP_train_02091,最近有什么好看得,video,train
SMP_train_02092,命运派对,video,train
SMP_train_02093,胜者即是正义,video,train
SMP_train_02094,文娱播报,video,train
SMP_train_02095,找一下詹姆斯卡梅隆拍的电影,video,train
SMP_train_02096,我想看喜羊羊,video,train
SMP_train_02097,查看电视录像,video,train
SMP_train_02098,搜索电影晚秋,video,train
SMP_train_02099,江山,video,train
SMP_train_02100,独立纵队电视剧,video,train
SMP_train_02101,胜女的代价电视剧,video,train
SMP_train_02102,查询神鬼认证,video,train
SMP_train_02103,李瑞英主持的最新的新闻节目,video,train
SMP_train_02104,看看郑晓龙导演的甄嬛传,video,train
SMP_train_02105,换到米老鼠,video,train
SMP_train_02106,半夜不要照镜子,video,train
SMP_train_02107,铁甲钢拳,video,train
SMP_train_02108,读心专家,video,train
SMP_train_02109,电视剧火凤凰,video,train
SMP_train_02110,有你才幸福,video,train
SMP_train_02111,推理动漫,video,train
SMP_train_02112,我想看珍珠港,video,train
SMP_train_02113,2013年的警匪电视剧,video,train
SMP_train_02114,我想看董浩配音的动漫,video,train
SMP_train_02115,最近的科幻大片儿，有什么？,video,train
SMP_train_02116,播放特种兵之利刃出鞘,video,train
SMP_train_02117,我想看变形金刚哦,video,train
SMP_train_02118,播放神话,video,train
SMP_train_02119,地心历险记二,video,train
SMP_train_02120,搜索下绿巨人,video,train
SMP_train_02121,美国热门的恐怖电影,video,train
SMP_train_02122,青春期撞上更年期二,video,train
SMP_train_02123,正者无敌,video,train
SMP_train_02124,武间道,video,train
SMP_train_02125,欧阳震华的罪案电视剧,video,train
SMP_train_02126,看动物卡通,video,train
SMP_train_02127,13年的电影,video,train
SMP_train_02128,康熙大帝,video,train
SMP_train_02129,2013年陈可辛导演的好看的电影,video,train
SMP_train_02130,刑侦电视剧,video,train
SMP_train_02131,薛平贵与王宝钏,video,train
SMP_train_02132,钢铁侠三,video,train
SMP_train_02133,福尔摩斯,video,train
SMP_train_02134,英雄本色电影,video,train
SMP_train_02135,太阳第九集,video,train
SMP_train_02136,搞笑的鬼片,video,train
SMP_train_02137,生活大爆炸,video,train
SMP_train_02138,宫崎骏动画电影,video,train
SMP_train_02139,我想看斯皮尔伯格导演的电影,video,train
SMP_train_02140,我想看电影超人,video,train
SMP_train_02141,新扎师妹,video,train
SMP_train_02142,猫眼三姐妹,video,train
SMP_train_02143,我是说我要看一起又看流星雨,video,train
SMP_train_02144,贺岁片,video,train
SMP_train_02145,搜索逃学威龙第二部,video,train
SMP_train_02146,天机富春山居图,video,train
SMP_train_02147,我是特种兵二,video,train
SMP_train_02148,我想看张艺谋导演的电影,video,train
SMP_train_02149,中国合伙人,video,train
SMP_train_02150,智取威虎山,video,train
SMP_train_02151,下半年的电视剧,video,train
SMP_train_02152,喜羊羊与灰太,video,train
SMP_train_02153,韩国电视连续剧老大,video,train
SMP_train_02154,甄嬛传高清,video,train
SMP_train_02155,陈真,video,train
SMP_train_02156,影视流星花园,video,train
SMP_train_02157,热血动漫,video,train
SMP_train_02158,x战警第一部,video,train
SMP_train_02159,中国新声代,video,train
SMP_train_02160,你好我想看电影,video,train
SMP_train_02161,捍卫者,video,train
SMP_train_02162,我的幸福,video,train
SMP_train_02163,查找90年代好评的武侠电影,video,train
SMP_train_02164,看千金归来第五集,video,train
SMP_train_02165,美好的时代,video,train
SMP_train_02166,最近有什么科幻电影？,video,train
SMP_train_02167,铁甲威虫,video,train
SMP_train_02168,请播放一下举起手来,video,train
SMP_train_02169,最近有什么影片？,video,train
SMP_train_02170,播放法制进行时,video,train
SMP_train_02171,刘三姐,video,train
SMP_train_02172,搜王菲演唱会,video,train
SMP_train_02173,心术电影,video,train
SMP_train_02174,海棉宝宝,video,train
SMP_train_02175,请打开电影,video,train
SMP_train_02176,最近有什么好看电影了？,video,train
SMP_train_02177,最近有什么好电影吗？,video,train
SMP_train_02178,看电影啊,video,train
SMP_train_02179,中国最强音,video,train
SMP_train_02180,打开汕头的天气预报,weather,train
SMP_train_02181,呼和浩特的天气怎么样呢,weather,train
SMP_train_02182,今天天气冷吗,weather,train
SMP_train_02183,舒城的天气,weather,train
SMP_train_02184,今天东莞天气如何,weather,train
SMP_train_02185,天气南京,weather,train
SMP_train_02186,邳州的天气,weather,train
SMP_train_02187,帮我查下南京明天的天气,weather,train
SMP_train_02188,帮我查一下赣州的天气明天呢,weather,train
SMP_train_02189,那会不会下雨,weather,train
SMP_train_02190,株洲的天气怎么样,weather,train
SMP_train_02191,丽水的天气怎么样,weather,train
SMP_train_02192,好今天天气怎么样,weather,train
SMP_train_02193,奥克兰的天气,weather,train
SMP_train_02194,几个田今天天气怎么样,weather,train
SMP_train_02195,今天全椒天气怎么样,weather,train
SMP_train_02196,后天什么天气,weather,train
SMP_train_02197,帮我查下天气,weather,train
SMP_train_02198,现在几度,weather,train
SMP_train_02199,临沂的天气,weather,train
SMP_train_02200,今天柳州天气怎么样,weather,train
SMP_train_02201,长春的天气,weather,train
SMP_train_02202,查看一下天气预报,weather,train
SMP_train_02203,明天的天气是是什么,weather,train
SMP_train_02204,广州的天气如何,weather,train
SMP_train_02205,台中的天气,weather,train
SMP_train_02206,告诉我现在北京天气怎么样,weather,train
SMP_train_02207,查一下绵阳的天气预报,weather,train
SMP_train_02208,罗山天气,weather,train
SMP_train_02209,明天的天气,weather,train
SMP_train_02210,二月一日柳州的天气,weather,train
SMP_train_02211,青阳天气如何,weather,train
SMP_train_02212,我想知道深圳明天的天气,weather,train
SMP_train_02213,深圳今天天气怎么样,weather,train
SMP_train_02214,天气怎样,weather,train
SMP_train_02215,庐山天气,weather,train
SMP_train_02216,明天泸州天气如何,weather,train
SMP_train_02217,亳州天气,weather,train
SMP_train_02218,查看武汉天气,weather,train
SMP_train_02219,巴中的天气,weather,train
SMP_train_02220,宁波天气情况,weather,train
SMP_train_02221,今天啥天气啊,weather,train
SMP_train_02222,淮南天气预报,weather,train
SMP_train_02223,搜索天气,weather,train
SMP_train_02224,扬州天气,weather,train
SMP_train_02225,你好请问一下明天广州的天气如何,weather,train
SMP_train_02226,武汉的明天天气,weather,train
SMP_train_02227,明天赣州什么天气,weather,train
SMP_train_02228,天气桂林,weather,train
SMP_train_02229,长沙明天是什么天气,weather,train
SMP_train_02230,今天有雨吗,weather,train
SMP_train_02231,常州天气预报,weather,train
SMP_train_02232,北流的天气,weather,train
SMP_train_02233,明天天气如何,weather,train
SMP_train_02234,郑州天气怎么样,weather,train
SMP_train_02235,大连天气,weather,train
SMP_train_02236,沈阳今天天气,weather,train
SMP_train_02237,查看汕头天气,weather,train
SMP_train_02238,苍溪的天气,weather,train
SMP_train_02239,合肥明天的湿度如何,weather,train
SMP_train_02240,天气如何,weather,train
SMP_train_02241,鄱阳县的天气,weather,train
SMP_train_02242,洛阳的天气,weather,train
SMP_train_02243,天气好不好啊,weather,train
SMP_train_02244,保定天气,weather,train
SMP_train_02245,查一下明天福州的天气,weather,train
SMP_train_02246,摩尔勇士,website,train
SMP_train_02247,把我打开淘宝的网页,website,train
SMP_train_02248,上山居网,website,train
SMP_train_02249,赶集网,website,train
SMP_train_02250,四川新闻网,website,train
SMP_train_02251,苏宁易购,website,train
SMP_train_02252,把淘宝网打开,website,train
SMP_train_02253,看网易财经,website,train
SMP_train_02254,打开三g门户网站,website,train
SMP_train_02255,打开四三九九小游戏网站,website,train
SMP_train_02256,我想看一下凤凰网,website,train
SMP_train_02257,打开河南英东网站,website,train
SMP_train_02258,激动,website,train
SMP_train_02259,新蛋网,website,train
SMP_train_02260,中华军事网,website,train
SMP_train_02261,打开苹果香港官方网站,website,train
SMP_train_02262,索尼爱立信官网,website,train
SMP_train_02263,打开三星首页,website,train
SMP_train_02264,打开4399小游戏,website,train
SMP_train_02265,打开宽带商务网站,website,train
SMP_train_02266,现在我也想上新浪网了,website,train
SMP_train_02267,给我打开百度网,website,train
SMP_train_02268,浏览一下百度,website,train
SMP_train_02269,中国新华网打开,website,train
SMP_train_02270,打开科大讯飞网站,website,train
SMP_train_02271,开启雅虎,website,train
SMP_train_02272,打开杜鑫文的网站,website,train
SMP_train_02273,进你的官网,website,train
SMP_train_02274,打开丰顺县政府网,website,train
SMP_train_02275,进入三w点百度点com,website,train
SMP_train_02276,进入讯飞官网,website,train
SMP_train_02277,打开网页小米论坛,website,train
SMP_train_02278,上百度网站,website,train
SMP_train_02279,幻剑书盟,website,train
SMP_train_02280,聚友网,website,train
SMP_train_02281,宜家,website,train
SMP_train_02282,广西新闻网,website,train
SMP_train_02283,打开索尼官方网站,website,train
SMP_train_02284,现在打开你的官网,website,train
SMP_train_02285,打开百度啊,website,train
SMP_train_02286,我要打开百度,website,train
SMP_train_02287,新浪汽车,website,train
SMP_train_02288,apple,website,train
SMP_train_02289,九阴真经,website,train
SMP_train_02290,我想上网易,website,train
SMP_train_02291,你帮我打开网站,website,train
SMP_train_02292,打开搜狐网首页,website,train
SMP_train_02293,但是我想上腾讯网,website,train
SMP_train_02294,打开互联网啦,website,train
SMP_train_02295,心绝网上人间,website,train
SMP_train_02296,上美空网,website,train
SMP_train_02297,请打开八六八四,website,train
SMP_train_02298,中国新闻网网站,website,train
SMP_train_02299,我要上网打开百度,website,train
